bacterial_species,isolate_code,administrative_region,national_site,local_site,sample_source,replicate,colony,esbl,ampicillin_mic,ampicillin_int,amoxicillin_clavulanic_acid_mic,amoxicillin_clavulanic_acid_int,ceftaroline_mic,ceftaroline_int,cefalexin_mic,cefalexin_int,cefalotin_mic,cefalotin_int,cefpodoxime_mic,cefpodoxime_int,cefotaxime_mic,cefotaxime_int,cefovecin_mic,cefovecin_int,ceftiofur_mic,ceftiofur_int,ceftazidime_avibactam_mic,ceftazidime_avibactam_int,imepenem_mic,imepenem_int,amikacin_mic,amikacin_int,gentamicin_mic,gentamicin_int,neomycin_mic,neomycin_int,nalidixic_acid_mic,nalidixic_acid_int,enrofloxacin_mic,enrofloxacin_int,marbofloxacin_mic,marbofloxacin_int,pradofloxacin_mic,pradofloxacin_int,doxycycline_mic,doxycycline_int,tetracycline_mic,tetracycline_int,nitrofurantoin_mic,nitrofurantoin_int,chloramphenicol_mic,chloramphenicol_int,trimethoprim_sulfamethazole_mic,trimethoprim_sulfamethazole_int,scored_resistance,num_antibiotics_tested,mar_index,ampicillin_encoded,amoxicillin_clavulanic_acid_encoded,ceftaroline_encoded,cefalexin_encoded,cefalotin_encoded,cefpodoxime_encoded,cefotaxime_encoded,cefovecin_encoded,ceftiofur_encoded,ceftazidime_avibactam_encoded,imepenem_encoded,amikacin_encoded,gentamicin_encoded,neomycin_encoded,nalidixic_acid_encoded,enrofloxacin_encoded,marbofloxacin_encoded,pradofloxacin_encoded,doxycycline_encoded,tetracycline_encoded,nitrofurantoin_encoded,chloramphenicol_encoded,trimethoprim_sulfamethazole_encoded,resistant_classes_count,is_mdr,num_resistant,num_tested,mar_index_calculated,mar_index_original
enterobacter_cloacae_complex,ec_pgdwr1c2,region_iii_central_luzon,pampanga,san_gabriel,drinking_water,1,2,,,,≥32,r,,,≥64,r,≥64,r,0.5,s,,s,1,s,≤1,s,,s,≤0.25,s,≤2,s,≤1,s,≤2,s,,,≤0.12,s,≤0.5,s,≤0.12,s,1,s,<=1,s,64,i,4,s,≤20,s,3.0,20.0,0.15,2.0,2.0,0.0,2.0,2.0,0.0,0.0,0.0,0.0,0.0,0.0,0.0,0.0,0.0,0.0,0.0,0.0,0.0,0.0,0.0,1.0,0.0,0.0,1,0,4,23,0.17391304347826086,0.15
enterobacter_cloacae_complex,ec_pgdwr1c3,region_iii_central_luzon,pampanga,san_gabriel,drinking_water,1,3,,,,≥32,r,,,≥64,r,16,r,≤0.25,s,,s,1,s,≤1,s,,s,1,s,≤2,s,≤1,s,≤2,s,,,≤0.12,s,≤0.5,s,≤0.12,s,1,s,<=1,s,≤16,s,≤2,s,≤20,s,3.0,20.0,0.15,2.0,2.0,0.0,2.0,2.0,0.0,0.0,0.0,0.0,0.0,0.0,0.0,0.0,0.0,0.0,0.0,0.0,0.0,0.0,0.0,0.0,0.0,0.0,1,0,4,23,0.17391304347826086,0.15
klebsiella_pneumoniae_ssp_pneumoniae,ec_pgdwr2c1,region_iii_central_luzon,pampanga,san_gabriel,drinking_water,2,1,neg,16,r,≤2,s,,s,≤4,s,≤2,s,≤0.25,s,,s,1,s,≤1,s,,s,≤0.25,s,≤2,s,≤1,s,≤2,s,,,≤0.12,s,≤0.5,s,≤0.12,s,1,s,<=1,s,32,s,≤2,s,≤20,s,1.0,22.0,0.0455,2.0,0.0,0.0,0.0,0.0,0.0,0.0,0.0,0.0,0.0,0.0,0.0,0.0,0.0,0.0,0.0,0.0,0.0,0.0,0.0,0.0,0.0,0.0,1,0,1,23,0.043478260869565216,0.0455
klebsiella_pneumoniae_ssp_pneumoniae,ec_pgdwr2c3,region_iii_central_luzon,pampanga,san_gabriel,drinking_water,2,3,neg,16,r,≤2,s,,s,≤4,s,≤2,s,≤0.25,s,,s,1,s,≤1,s,,s,≤0.25,s,≤2,s,≤1,s,≤2,s,,,≤0.12,s,≤0.5,s,≤0.12,s,1,s,<=1,s,32,s,≤2,s,≤20,s,1.0,22.0,0.0455,2.0,0.0,0.0,0.0,0.0,0.0,0.0,0.0,0.0,0.0,0.0,0.0,0.0,0.0,0.0,0.0,0.0,0.0,0.0,0.0,0.0,0.0,0.0,1,0,1,23,0.043478260869565216,0.0455
klebsiella_pneumoniae_ssp_pneumoniae,ec_pgdwr2c4,region_iii_central_luzon,pampanga,san_gabriel,drinking_water,2,4,neg,16,r,≤2,s,,s,≤4,s,≤2,s,≤0.25,s,,s,1,s,≤1,s,,s,≤0.25,s,≤2,s,≤1,s,≤2,s,,,≤0.12,s,≤0.5,s,≤0.12,s,1,s,<=1,s,32,s,≤2,s,≤20,s,1.0,22.0,0.0455,2.0,0.0,0.0,0.0,0.0,0.0,0.0,0.0,0.0,0.0,0.0,0.0,0.0,0.0,0.0,0.0,0.0,0.0,0.0,0.0,0.0,0.0,0.0,1,0,1,23,0.043478260869565216,0.0455
klebsiella_pneumoniae_ssp_pneumoniae,ec_pgdwr3c1,region_iii_central_luzon,pampanga,san_gabriel,drinking_water,3,1,neg,16,r,≤2,s,,s,≤4,s,≤2,s,≤0.25,s,,s,≤0.5,s,≤1,s,,s,≤0.25,s,≤2,s,≤1,s,≤2,s,,,≤0.12,s,≤0.5,s,≤0.12,s,1,s,<=1,s,≤16,s,≤2,s,≤20,s,1.0,22.0,0.0455,2.0,0.0,0.0,0.0,0.0,0.0,0.0,0.0,0.0,0.0,0.0,0.0,0.0,0.0,0.0,0.0,0.0,0.0,0.0,0.0,0.0,0.0,0.0,1,0,1,23,0.043478260869565216,0.0455
klebsiella_pneumoniae_ssp_pneumoniae,ec_pgdwr3c4,region_iii_central_luzon,pampanga,san_gabriel,drinking_water,3,4,neg,≥32,r,≤2,s,,s,≤4,s,≤2,s,≤0.25,s,,s,1,s,≤1,s,,s,≤0.25,s,≤2,s,≤1,s,≤2,s,,,≤0.12,s,≤0.5,s,≤0.12,s,1,s,<=1,s,32,s,≤2,s,≤20,s,1.0,22.0,0.0455,2.0,0.0,0.0,0.0,0.0,0.0,0.0,0.0,0.0,0.0,0.0,0.0,0.0,0.0,0.0,0.0,0.0,0.0,0.0,0.0,0.0,0.0,0.0,1,0,1,23,0.043478260869565216,0.0455
enterobacter_cloacae_complex,ec_pgrwr1c2,region_iii_central_luzon,pampanga,san_gabriel,river_water,1,2,,,,≥32,r,,,≥64,r,≥64,r,0.5,s,,s,1,s,≤1,s,,s,≤0.25,s,≤2,s,≤1,s,≤2,s,,,≤0.12,s,≤0.5,s,≤0.12,s,1,s,<=1,s,64,i,4,s,≤20,s,3.0,20.0,0.15,2.0,2.0,0.0,2.0,2.0,0.0,0.0,0.0,0.0,0.0,0.0,0.0,0.0,0.0,0.0,0.0,0.0,0.0,0.0,0.0,1.0,0.0,0.0,1,0,4,23,0.17391304347826086,0.15
enterobacter_aerogenes,ec_pgrwr1c3,region_iii_central_luzon,pampanga,san_gabriel,river_water,1,3,,,,≥32,r,,s,≥64,r,16,r,≤0.25,s,,s,1,s,≤1,s,,s,1,s,≤2,s,≤1,s,≤2,s,,,≤0.12,s,≤0.5,s,≤0.12,s,1,s,<=1,s,32,s,≤2,s,≤20,s,3.0,21.0,0.1429,2.0,2.0,0.0,2.0,2.0,0.0,0.0,0.0,0.0,0.0,0.0,0.0,0.0,0.0,0.0,0.0,0.0,0.0,0.0,0.0,0.0,0.0,0.0,1,0,4,23,0.17391304347826086,0.1429
klebsiella_pneumoniae_ssp_pneumoniae,ec_pgrwr1c4,region_iii_central_luzon,pampanga,san_gabriel,river_water,1,4,neg,c,r,≤2,s,,s,≤4,s,≤2,s,≤0.25,s,,s,1,s,≤1,s,,s,≤0.25,s,≤2,s,≤1,s,≤2,s,,,≤0.12,s,≤0.5,s,≤0.12,s,1,s,<=1,s,32,s,≤2,s,≤20,s,1.0,22.0,0.0455,2.0,0.0,0.0,0.0,0.0,0.0,0.0,0.0,0.0,0.0,0.0,0.0,0.0,0.0,0.0,0.0,0.0,0.0,0.0,0.0,0.0,0.0,0.0,1,0,1,23,0.043478260869565216,0.0455
enterobacter_cloacae_complex,ec_pgrwr1c8,region_iii_central_luzon,pampanga,san_gabriel,river_water,1,8,,,,8,r,,,16,r,16,r,0.5,s,,,2,s,≤1,s,,s,≤0.25,s,≤2,s,≤1,s,≤2,s,,,≤0.12,s,≤0.5,s,≤0.12,s,2,s,2,s,64,i,4,s,≤20,s,3.0,19.0,0.1579,2.0,2.0,0.0,2.0,2.0,0.0,0.0,0.0,0.0,0.0,0.0,0.0,0.0,0.0,0.0,0.0,0.0,0.0,0.0,0.0,1.0,0.0,0.0,1,0,4,23,0.17391304347826086,0.1579
enterobacter_cloacae_complex,ec_pgrwr2c5,region_iii_central_luzon,pampanga,san_gabriel,river_water,2,5,,,,≥32,r,,,≥64,r,≥64,r,0.5,s,,s,1,s,≤1,s,,s,≤0.25,s,≤2,s,≤1,s,≤2,s,,,≤0.12,s,≤0.5,s,≤0.12,s,1,s,<=1,s,64,i,4,s,≤20,s,3.0,20.0,0.15,2.0,2.0,0.0,2.0,2.0,0.0,0.0,0.0,0.0,0.0,0.0,0.0,0.0,0.0,0.0,0.0,0.0,0.0,0.0,0.0,1.0,0.0,0.0,1,0,4,23,0.17391304347826086,0.15
klebsiella_pneumoniae_ssp_pneumoniae,ec_pgrwr2c6,region_iii_central_luzon,pampanga,san_gabriel,river_water,2,6,neg,16,r,≤2,s,,s,≤4,s,≤2,s,≤0.25,s,,s,1,s,≤1,s,,s,≤0.25,s,≤2,s,≤1,s,≤2,s,,,≤0.12,s,≤0.5,s,≤0.12,s,1,s,<=1,s,64,i,≤2,s,≤20,s,1.0,22.0,0.0455,2.0,0.0,0.0,0.0,0.0,0.0,0.0,0.0,0.0,0.0,0.0,0.0,0.0,0.0,0.0,0.0,0.0,0.0,0.0,0.0,1.0,0.0,0.0,1,0,1,23,0.043478260869565216,0.0455
klebsiella_pneumoniae_ssp_pneumoniae,ec_pgrwr3c1,region_iii_central_luzon,pampanga,san_gabriel,river_water,3,1,neg,16,r,≤2,s,,s,≤4,s,≤2,s,≤0.25,s,,s,1,s,≤1,s,,s,≤0.25,s,≤2,s,≤1,s,≤2,s,,,≤0.12,s,≤0.5,s,≤0.12,s,1,s,<=1,s,≤16,s,≤2,s,≤20,s,1.0,22.0,0.0455,2.0,0.0,0.0,0.0,0.0,0.0,0.0,0.0,0.0,0.0,0.0,0.0,0.0,0.0,0.0,0.0,0.0,0.0,0.0,0.0,0.0,0.0,0.0,1,0,1,23,0.043478260869565216,0.0455
klebsiella_pneumoniae_ssp_pneumoniae,ec_pgrwr3c2,region_iii_central_luzon,pampanga,san_gabriel,river_water,3,2,neg,≥32,r,≤2,s,,s,≤4,s,≤2,s,≤0.25,s,,s,1,s,≤1,s,,s,≤0.25,s,≤2,s,≤1,s,≤2,s,,,≤0.12,s,≤0.5,s,≤0.12,s,1,s,<=1,s,64,i,≤2,s,≤20,s,1.0,22.0,0.0455,2.0,0.0,0.0,0.0,0.0,0.0,0.0,0.0,0.0,0.0,0.0,0.0,0.0,0.0,0.0,0.0,0.0,0.0,0.0,0.0,1.0,0.0,0.0,1,0,1,23,0.043478260869565216,0.0455
enterobacter_aerogenes,ec_pgftr1c2,region_iii_central_luzon,pampanga,san_gabriel,fish_tilapia,1,2,,,,≥32,r,,s,≥64,r,16,r,0.5,s,,s,4,i,≤1,s,,s,≤0.25,s,≤2,s,≤1,s,≤2,s,,,≤0.12,s,≤0.5,s,≤0.12,s,4,s,4,s,64,i,8,s,≤20,s,3.0,21.0,0.1429,2.0,2.0,0.0,2.0,2.0,0.0,0.0,1.0,0.0,0.0,0.0,0.0,0.0,0.0,0.0,0.0,0.0,0.0,0.0,0.0,1.0,0.0,0.0,1,0,4,23,0.17391304347826086,0.1429
enterobacter_aerogenes,ec_pgftr1c6,region_iii_central_luzon,pampanga,san_gabriel,fish_tilapia,1,6,,,,≥32,r,,s,≥64,r,32,r,≤0.25,s,,s,1,s,≤1,s,,s,1,s,≤2,s,≤1,s,≤2,s,,,≤0.12,s,≤0.5,s,≤0.12,s,1,s,<=1,s,64,i,4,s,≤20,s,3.0,21.0,0.1429,2.0,2.0,0.0,2.0,2.0,0.0,0.0,0.0,0.0,0.0,0.0,0.0,0.0,0.0,0.0,0.0,0.0,0.0,0.0,0.0,1.0,0.0,0.0,1,0,4,23,0.17391304347826086,0.1429
enterobacter_aerogenes,ec_pgftr1c7,region_iii_central_luzon,pampanga,san_gabriel,fish_tilapia,1,7,,,,≥32,r,,s,≥64,r,16,r,≤0.25,s,,s,1,s,≤1,s,,s,0.5,s,≤2,s,≤1,s,≤2,s,,,≤0.12,s,≤0.5,s,≤0.12,s,1,s,<=1,s,64,i,4,s,≤20,s,3.0,21.0,0.1429,2.0,2.0,0.0,2.0,2.0,0.0,0.0,0.0,0.0,0.0,0.0,0.0,0.0,0.0,0.0,0.0,0.0,0.0,0.0,0.0,1.0,0.0,0.0,1,0,4,23,0.17391304347826086,0.1429
escherichia_coli,ec_pgftr1c11,region_iii_central_luzon,pampanga,san_gabriel,fish_tilapia,1,11,neg,≤2*,r,≤2,s,,s,≥64,r,4,s,≤0.25,s,,s,≤0.5,s,≤1,s,,s,≤0.25,s,≤2,s,≤1,s,≤2,s,,,≤0.12,s,≤0.5,s,≤0.12,s,≥16,r,≥16,r,32,s,8,s,≤20,s,4.0,22.0,0.1818,2.0,0.0,0.0,2.0,0.0,0.0,0.0,0.0,0.0,0.0,0.0,0.0,0.0,0.0,0.0,0.0,0.0,0.0,2.0,2.0,0.0,0.0,0.0,2,0,4,23,0.17391304347826086,0.1818
enterobacter_aerogenes,ec_pgftr1c12,region_iii_central_luzon,pampanga,san_gabriel,fish_tilapia,1,12,,,,≥32,r,,s,32,r,≥64,r,≤0.25,s,,s,1,s,≤1,s,,s,1,s,≤2,s,≤1,s,≤2,s,,,≤0.12,s,≤0.5,s,≤0.12,s,1,s,<=1,s,64,i,4,s,≤20,s,3.0,21.0,0.1429,2.0,2.0,0.0,2.0,2.0,0.0,0.0,0.0,0.0,0.0,0.0,0.0,0.0,0.0,0.0,0.0,0.0,0.0,0.0,0.0,1.0,0.0,0.0,1,0,4,23,0.17391304347826086,0.1429
klebsiella_pneumoniae_ssp_pneumoniae,ec_pgftr1c15,region_iii_central_luzon,pampanga,san_gabriel,fish_tilapia,1,15,neg,16,r,4,s,,s,≤4,s,≤2,s,≤0.25,s,,s,1,s,≤1,s,,s,≤0.25,s,≤2,s,≤1,s,≤2,s,,,≤0.12,s,≤0.5,s,≤0.12,s,1,s,<=1,s,32,s,≤2,s,≤20,s,1.0,22.0,0.0455,2.0,0.0,0.0,0.0,0.0,0.0,0.0,0.0,0.0,0.0,0.0,0.0,0.0,0.0,0.0,0.0,0.0,0.0,0.0,0.0,0.0,0.0,0.0,1,0,1,23,0.043478260869565216,0.0455
enterobacter_aerogenes,ec_pgftr1c16,region_iii_central_luzon,pampanga,san_gabriel,fish_tilapia,1,16,,,,≥32,r,,s,32,r,≥64,r,≤0.25,s,,s,1,s,≤1,s,,s,1,s,≤2,s,≤1,s,≤2,s,,,≤0.12,s,≤0.5,s,≤0.12,s,1,s,<=1,s,64,i,4,s,≤20,s,3.0,21.0,0.1429,2.0,2.0,0.0,2.0,2.0,0.0,0.0,0.0,0.0,0.0,0.0,0.0,0.0,0.0,0.0,0.0,0.0,0.0,0.0,0.0,1.0,0.0,0.0,1,0,4,23,0.17391304347826086,0.1429
klebsiella_pneumoniae_ssp_pneumoniae,ec_pgftr2c1,region_iii_central_luzon,pampanga,san_gabriel,fish_tilapia,2,1,neg,16,r,4,s,,s,≤4,s,≤2,s,≤0.25,s,,s,1,s,≤1,s,,s,≤0.25,s,≤2,s,≤1,s,≤2,s,,,≤0.12,s,≤0.5,s,≤0.12,s,1,s,<=1,s,64,i,≤2,s,≤20,s,1.0,22.0,0.0455,2.0,0.0,0.0,0.0,0.0,0.0,0.0,0.0,0.0,0.0,0.0,0.0,0.0,0.0,0.0,0.0,0.0,0.0,0.0,0.0,1.0,0.0,0.0,1,0,1,23,0.043478260869565216,0.0455
klebsiella_pneumoniae_ssp_pneumoniae,ec_pgftr2c6,region_iii_central_luzon,pampanga,san_gabriel,fish_tilapia,2,6,neg,16,r,4,s,,s,≤4,s,≤2,s,≤0.25,s,,s,1,s,≤1,s,,s,≤0.25,s,≤2,s,≤1,s,≤2,s,,,≤0.12,s,≤0.5,s,≤0.12,s,1,s,<=1,s,32,s,≤2,s,≤20,s,1.0,22.0,0.0455,2.0,0.0,0.0,0.0,0.0,0.0,0.0,0.0,0.0,0.0,0.0,0.0,0.0,0.0,0.0,0.0,0.0,0.0,0.0,0.0,0.0,0.0,0.0,1,0,1,23,0.043478260869565216,0.0455
enterobacter_aerogenes,ec_pgftr3c5,region_iii_central_luzon,pampanga,san_gabriel,fish_tilapia,3,5,,,,≥32,r,,s,32,r,32,r,≤0.25,s,,s,1,s,≤1,s,,s,1,s,≤2,s,≤1,s,≤2,s,,,≤0.12,s,≤0.5,s,≤0.12,s,1,s,<=1,s,64,i,4,s,≤20,s,3.0,21.0,0.1429,2.0,2.0,0.0,2.0,2.0,0.0,0.0,0.0,0.0,0.0,0.0,0.0,0.0,0.0,0.0,0.0,0.0,0.0,0.0,0.0,1.0,0.0,0.0,1,0,4,23,0.17391304347826086,0.1429
enterobacter_aerogenes,ec_pgftr3c7,region_iii_central_luzon,pampanga,san_gabriel,fish_tilapia,3,7,,,,≥32,r,,s,≥64,r,≥64,r,≤0.25,s,,s,1,s,≤1,s,,s,1,s,≤2,s,≤1,s,≤2,s,,,≤0.12,s,≤0.5,s,≤0.12,s,1,s,<=1,s,64,i,4,s,≤20,s,3.0,21.0,0.1429,2.0,2.0,0.0,2.0,2.0,0.0,0.0,0.0,0.0,0.0,0.0,0.0,0.0,0.0,0.0,0.0,0.0,0.0,0.0,0.0,1.0,0.0,0.0,1,0,4,23,0.17391304347826086,0.1429
escherichia_coli,ec_pgftr3c12,region_iii_central_luzon,pampanga,san_gabriel,fish_tilapia,3,12,neg,4,s,≤2,s,,s,≤4,s,4,s,≤0.25,s,,s,≥8,r,≤1,s,,s,≤0.25,s,≤2,s,≤1,s,≤2,s,,,≤0.12,s,≤0.5,s,≤0.12,s,1,s,<=1,s,≤16,s,4,s,≤20,s,1.0,22.0,0.0455,0.0,0.0,0.0,0.0,0.0,0.0,0.0,2.0,0.0,0.0,0.0,0.0,0.0,0.0,0.0,0.0,0.0,0.0,0.0,0.0,0.0,0.0,0.0,1,0,1,23,0.043478260869565216,0.0455
escherichia_coli,ec_pgfgr1c1,region_iii_central_luzon,pampanga,san_gabriel,fish_gusaw,1,1,neg,≥32,r,8,s,,s,8,s,16,i,0.5,s,,s,2,s,≤1,s,,s,≤0.25,s,≤2,s,≤1,s,≤2,s,,,≤0.12,s,≤0.5,s,≤0.12,s,≥16,r,≥16,r,64,i,4,s,≥320,r,4.0,22.0,0.1818,2.0,0.0,0.0,0.0,1.0,0.0,0.0,0.0,0.0,0.0,0.0,0.0,0.0,0.0,0.0,0.0,0.0,0.0,2.0,2.0,1.0,0.0,2.0,2,0,4,23,0.17391304347826086,0.1818
enterobacter_cloacae_complex,ec_pgfgr1c3,region_iii_central_luzon,pampanga,san_gabriel,fish_gusaw,1,3,,,,4,r,,,≥64,r,16,r,0.5,s,,s,2,s,2,s,,s,≤0.25,s,≤2,s,≤1,s,≤2,s,,,≤0.12,s,≤0.5,s,≤0.12,s,2,s,2,s,64,i,4,s,≤20,s,3.0,20.0,0.15,2.0,2.0,0.0,2.0,2.0,0.0,0.0,0.0,0.0,0.0,0.0,0.0,0.0,0.0,0.0,0.0,0.0,0.0,0.0,0.0,1.0,0.0,0.0,1,0,4,23,0.17391304347826086,0.15
enterobacter_aerogenes,ec_pgfgr1c5,region_iii_central_luzon,pampanga,san_gabriel,fish_gusaw,1,5,,,,≥32,r,,s,≥64,r,32,r,0.5,s,,s,4,i,≤1,s,,s,0.5,s,≤2,s,≤1,s,≤2,s,,,≤0.12,s,≤0.5,s,≤0.12,s,4,s,4,s,64,i,8,s,≤20,s,3.0,21.0,0.1429,2.0,2.0,0.0,2.0,2.0,0.0,0.0,1.0,0.0,0.0,0.0,0.0,0.0,0.0,0.0,0.0,0.0,0.0,0.0,0.0,1.0,0.0,0.0,1,0,4,23,0.17391304347826086,0.1429
enterobacter_cloacae_complex,ec_pgfgr1c7,region_iii_central_luzon,pampanga,san_gabriel,fish_gusaw,1,7,,,,8,r,,,16,r,32,r,0.5,s,,s,2,i,≤1,s,,s,≤0.25,s,≤2,s,≤1,s,≤2,s,,,≤0.12,s,≤0.5,s,≤0.12,s,2,s,2,s,64,i,4,s,≤20,s,3.0,20.0,0.15,2.0,2.0,0.0,2.0,2.0,0.0,0.0,1.0,0.0,0.0,0.0,0.0,0.0,0.0,0.0,0.0,0.0,0.0,0.0,0.0,1.0,0.0,0.0,1,0,4,23,0.17391304347826086,0.15
klebsiella_pneumoniae_ssp_pneumoniae,ec_pgfgr1c9,region_iii_central_luzon,pampanga,san_gabriel,fish_gusaw,1,9,neg,16,r,≤2,s,,s,≤4,s,≤2,s,≤0.25,s,,s,≤0.5,s,≤1,s,,s,≤0.25,s,≤2,s,≤1,s,≤2,s,,,≤0.12,s,≤0.5,s,≤0.12,s,1,s,<=1,s,64,i,≤2,s,≤20,s,1.0,22.0,0.0455,2.0,0.0,0.0,0.0,0.0,0.0,0.0,0.0,0.0,0.0,0.0,0.0,0.0,0.0,0.0,0.0,0.0,0.0,0.0,0.0,1.0,0.0,0.0,1,0,1,23,0.043478260869565216,0.0455
klebsiella_pneumoniae_ssp_pneumoniae,ec_pgfgr1c10,region_iii_central_luzon,pampanga,san_gabriel,fish_gusaw,1,10,neg,16,r,≤2,s,,s,≤4,s,≤2,s,≤0.25,s,,s,≤0.5,s,≤1,s,,s,≤0.25,s,≤2,s,≤1,s,≤2,s,,,≤0.12,s,≤0.5,s,≤0.12,s,1,s,<=1,s,≤16,s,≤2,s,≤20,s,1.0,22.0,0.0455,2.0,0.0,0.0,0.0,0.0,0.0,0.0,0.0,0.0,0.0,0.0,0.0,0.0,0.0,0.0,0.0,0.0,0.0,0.0,0.0,0.0,0.0,0.0,1,0,1,23,0.043478260869565216,0.0455
escherichia_coli,ec_pgfgr1c14,region_iii_central_luzon,pampanga,san_gabriel,fish_gusaw,1,14,neg,4,s,≤2,s,,s,8,s,4,s,≤0.25,s,,s,≤0.5,s,≤1,s,,s,≤0.25,s,≤2,s,≤1,s,≤2,s,,,≤0.12,s,≤0.5,s,≤0.12,s,1,s,<=1,s,≤16,s,8,s,≤20,s,0.0,22.0,0.0,0.0,0.0,0.0,0.0,0.0,0.0,0.0,0.0,0.0,0.0,0.0,0.0,0.0,0.0,0.0,0.0,0.0,0.0,0.0,0.0,0.0,0.0,0.0,0,0,0,23,0.0,0.0
enterobacter_cloacae_complex,ec_pgfgr1c16,region_iii_central_luzon,pampanga,san_gabriel,fish_gusaw,1,16,,,,8,r,,,16,r,16,r,0.5,s,,s,1,s,≤1,s,,s,1,s,≤2,s,≤1,s,≤2,s,,,≤0.12,s,≤0.5,s,≤0.12,s,2,s,<=1,s,32,s,4,s,≤20,s,3.0,20.0,0.15,2.0,2.0,0.0,2.0,2.0,0.0,0.0,0.0,0.0,0.0,0.0,0.0,0.0,0.0,0.0,0.0,0.0,0.0,0.0,0.0,0.0,0.0,0.0,1,0,4,23,0.17391304347826086,0.15
enterobacter_aerogenes,ec_pgfgr1c17,region_iii_central_luzon,pampanga,san_gabriel,fish_gusaw,1,17,,,,≥32,r,,s,≥64,r,32,r,≤0.25,s,,s,1,s,≤1,s,,s,1,s,≤2,s,≤1,s,≤2,s,,,≤0.12,s,≤0.5,s,≤0.12,s,1,s,<=1,s,64,i,4,s,≤20,s,3.0,21.0,0.1429,2.0,2.0,0.0,2.0,2.0,0.0,0.0,0.0,0.0,0.0,0.0,0.0,0.0,0.0,0.0,0.0,0.0,0.0,0.0,0.0,1.0,0.0,0.0,1,0,4,23,0.17391304347826086,0.1429
enterobacter_cloacae_complex,ec_pgfgr1c20,region_iii_central_luzon,pampanga,san_gabriel,fish_gusaw,1,20,,,,16,r,,,≥64,r,32,r,1,s,,s,2,s,≤1,s,,s,≤0.25,s,≤2,s,≤1,s,≤2,s,,,≤0.12,s,≤0.5,s,≤0.12,s,2,s,2,s,64,i,4,s,≤20,s,3.0,20.0,0.15,2.0,2.0,0.0,2.0,2.0,0.0,0.0,0.0,0.0,0.0,0.0,0.0,0.0,0.0,0.0,0.0,0.0,0.0,0.0,0.0,1.0,0.0,0.0,1,0,4,23,0.17391304347826086,0.15
klebsiella_pneumoniae_ssp_pneumoniae,ec_pgfgr3c2,region_iii_central_luzon,pampanga,san_gabriel,fish_gusaw,3,2,neg,≥32,r,≤2,s,,s,≤4,s,≤2,s,≤0.25,s,,s,1,s,≤1,s,,s,≤0.25,s,≤2,s,≤1,s,≤2,s,,,≤0.12,s,≤0.5,s,≤0.12,s,1,s,<=1,s,≤16,s,≤2,s,≤20,s,1.0,22.0,0.0455,2.0,0.0,0.0,0.0,0.0,0.0,0.0,0.0,0.0,0.0,0.0,0.0,0.0,0.0,0.0,0.0,0.0,0.0,0.0,0.0,0.0,0.0,0.0,1,0,1,23,0.043478260869565216,0.0455
klebsiella_pneumoniae_ssp_pneumoniae,ec_pgfgr3c3,region_iii_central_luzon,pampanga,san_gabriel,fish_gusaw,3,3,neg,16,r,≤2,s,,s,≤4,s,≤2,s,≤0.25,s,,s,≤0.5,s,≤1,s,,s,≤0.25,s,≤2,s,≤1,s,≤2,s,,,≤0.12,s,≤0.5,s,≤0.12,s,1,s,<=1,s,≤16,s,≤2,s,≤20,s,1.0,22.0,0.0455,2.0,0.0,0.0,0.0,0.0,0.0,0.0,0.0,0.0,0.0,0.0,0.0,0.0,0.0,0.0,0.0,0.0,0.0,0.0,0.0,0.0,0.0,0.0,1,0,1,23,0.043478260869565216,0.0455
enterobacter_cloacae_complex,ec_pgfgr3c7,region_iii_central_luzon,pampanga,san_gabriel,fish_gusaw,3,7,,,,≥32,r,,,≥64,r,32,r,0.5,s,,s,1,s,≤1,s,,s,≤0.25,s,≤2,s,≤1,s,≤2,s,,,≤0.12,s,≤0.5,s,≤0.12,s,1,s,<=1,s,64,i,4,s,≤20,s,3.0,20.0,0.15,2.0,2.0,0.0,2.0,2.0,0.0,0.0,0.0,0.0,0.0,0.0,0.0,0.0,0.0,0.0,0.0,0.0,0.0,0.0,0.0,1.0,0.0,0.0,1,0,4,23,0.17391304347826086,0.15
klebsiella_pneumoniae_ssp_pneumoniae,ec_pgfgr3c12,region_iii_central_luzon,pampanga,san_gabriel,fish_gusaw,3,12,neg,≥32,r,≤2,s,,s,≤4,s,≤2,s,≤0.25,s,,s,≤0.5,s,≤1,s,,s,≤0.25,s,≤2,s,≤1,s,≤2,s,,,≤0.12,s,≤0.5,s,≤0.12,s,1,s,<=1,s,64,i,≤2,s,≤20,s,1.0,22.0,0.0455,2.0,0.0,0.0,0.0,0.0,0.0,0.0,0.0,0.0,0.0,0.0,0.0,0.0,0.0,0.0,0.0,0.0,0.0,0.0,0.0,1.0,0.0,0.0,1,0,1,23,0.043478260869565216,0.0455
enterobacter_aerogenes,ec_pgfgr3c15,region_iii_central_luzon,pampanga,san_gabriel,fish_gusaw,3,15,,,,≥32,r,,s,≥64,r,32,r,0.5,s,,s,1,s,4,i,,s,1,s,≤2,s,≤1,s,≤2,s,,,≤0.12,s,≤0.5,s,≤0.12,s,2,s,<=1,s,128,r,4,s,≤20,s,4.0,21.0,0.1905,2.0,2.0,0.0,2.0,2.0,0.0,0.0,0.0,1.0,0.0,0.0,0.0,0.0,0.0,0.0,0.0,0.0,0.0,0.0,0.0,2.0,0.0,0.0,2,0,5,23,0.21739130434782608,0.1905
enterobacter_cloacae_complex,ec_pgfgr3c16,region_iii_central_luzon,pampanga,san_gabriel,fish_gusaw,3,16,,,,≥32,r,,s,≥64,r,32,r,0.5,s,,s,1,s,4,i,,s,≤0.25,s,≤2,s,≤1,s,≤2,s,,,≤0.12,s,≤0.5,s,≤0.12,s,1,s,<=1,s,64,i,8,s,≤20,s,3.0,21.0,0.1429,2.0,2.0,0.0,2.0,2.0,0.0,0.0,0.0,1.0,0.0,0.0,0.0,0.0,0.0,0.0,0.0,0.0,0.0,0.0,0.0,1.0,0.0,0.0,1,0,4,23,0.17391304347826086,0.1429
escherichia_coli,salpgdwr1c1,region_iii_central_luzon,pampanga,san_gabriel,drinking_water,1,1,neg,8,r,≤2,s,,s,≤64,r,4,s,≤0.25,s,,s,≥8,s,2,s,,s,≤0.25,s,≤2,s,≤1,s,≤2,s,,,1,i,≤0.5,s,0.25,s,≥16,r,≥16,r,≤16,s,≥64,r,≥320,r,6.0,22.0,0.2727,2.0,0.0,0.0,2.0,0.0,0.0,0.0,0.0,0.0,0.0,0.0,0.0,0.0,0.0,0.0,1.0,0.0,0.0,2.0,2.0,0.0,2.0,2.0,3,1,6,23,0.2608695652173913,0.2727
escherichia_coli,salpgdwr1c1,region_iii_central_luzon,pampanga,san_gabriel,drinking_water,1,1,neg,8,r,≤2,s,,s,≤64,r,4,s,≤0.25,s,,s,≥8,r,2,s,,s,≤0.25,s,≤2,s,≤1,s,≤2,s,,,1,i,≤0.5,s,0.25,s,≥16,r,≥16,r,≤16,s,≥64,r,≥320,r,7.0,22.0,0.3182,2.0,0.0,0.0,2.0,0.0,0.0,0.0,2.0,0.0,0.0,0.0,0.0,0.0,0.0,0.0,1.0,0.0,0.0,2.0,2.0,0.0,2.0,2.0,3,1,7,23,0.30434782608695654,0.3182
escherichia_coli,salpgdwr1c2,region_iii_central_luzon,pampanga,san_gabriel,drinking_water,1,2,neg,≤2,r,≤2,s,,s,≤64,r,4,s,≤0.25,s,,s,1,s,≥8,r,,s,≤0.25,s,≤2,s,≤1,s,≤2,s,,,≥4,r,≤0.5,s,0.25,s,≥16,r,≥16,r,≤16,s,≥64,r,≥320,r,8.0,22.0,0.3636,2.0,0.0,0.0,2.0,0.0,0.0,0.0,0.0,2.0,0.0,0.0,0.0,0.0,0.0,0.0,2.0,0.0,0.0,2.0,2.0,0.0,2.0,2.0,4,1,8,23,0.34782608695652173,0.3636
escherichia_coli,salpgdwr2c3,region_iii_central_luzon,pampanga,san_gabriel,drinking_water,2,3,neg,8,s,≤2,s,,s,≤4,s,4,s,≤0.25,s,,s,≤0.5,s,≥8,r,,s,≤0.25,s,≤2,s,≤1,s,≤2,s,,,1,i,≤0.5,s,0.25,s,≥16,r,≥16,r,≤16,s,32,r,≥320,r,5.0,22.0,0.2273,0.0,0.0,0.0,0.0,0.0,0.0,0.0,0.0,2.0,0.0,0.0,0.0,0.0,0.0,0.0,1.0,0.0,0.0,2.0,2.0,0.0,2.0,2.0,3,1,5,23,0.21739130434782608,0.2273
escherichia_coli,salpgdwr3c5,region_iii_central_luzon,pampanga,san_gabriel,drinking_water,3,5,neg,8,r,≤2,s,,s,≤64,r,4,s,≤0.25,s,,s,≤0.5,s,≥8,r,,s,≤0.25,s,≤2,s,≤1,s,≤2,s,,,1,i,≤0.5,s,0.25,s,≥16,r,≥16,r,≤16,s,32,r,≥320,r,7.0,22.0,0.3182,2.0,0.0,0.0,2.0,0.0,0.0,0.0,0.0,2.0,0.0,0.0,0.0,0.0,0.0,0.0,1.0,0.0,0.0,2.0,2.0,0.0,2.0,2.0,3,1,7,23,0.30434782608695654,0.3182
escherichia_coli,salpgdwr3c6,region_iii_central_luzon,pampanga,san_gabriel,drinking_water,3,6,neg,8,r,≤2,s,,s,≤64,r,4,s,≤0.25,s,,s,≤0.5,s,≥8,r,,s,≤0.25,s,≤2,s,≤1,s,≤2,s,,,1,i,≤0.5,s,0.25,s,≥16,r,≥16,r,≤16,s,32,r,≥320,r,7.0,22.0,0.3182,2.0,0.0,0.0,2.0,0.0,0.0,0.0,0.0,2.0,0.0,0.0,0.0,0.0,0.0,0.0,1.0,0.0,0.0,2.0,2.0,0.0,2.0,2.0,3,1,7,23,0.30434782608695654,0.3182
escherichia_coli,salpgrwr1c1,region_iii_central_luzon,pampanga,san_gabriel,river_water,1,1,neg,4,s,≤2,s,,s,≤4,s,4,s,≤0.25,s,,s,≤0.5,s,≤1,s,,s,≤0.25,s,≤2,s,≤1,s,≤2,s,,,1,i,≤0.5,s,0.25,s,≥16,r,≥16,r,≤16,s,≥64,r,≥320,r,4.0,22.0,0.1818,0.0,0.0,0.0,0.0,0.0,0.0,0.0,0.0,0.0,0.0,0.0,0.0,0.0,0.0,0.0,1.0,0.0,0.0,2.0,2.0,0.0,2.0,2.0,2,0,4,23,0.17391304347826086,0.1818
salmonella_group,salpgrwr1c3,region_iii_central_luzon,pampanga,san_gabriel,river_water,1,3,,≤2,s,≤2,s,,s,≤4,r,≤2,r,≤0.25,s,,s,≤0.5,s,2,s,,s,≤0.25,s,≤2,r,≤1,r,≤2,s,,,≤0.12,s,≤0.5,s,≤0.12,s,1,s,≤1,s,≤16,s,≤2,s,≤20,s,4.0,22.0,0.1818,0.0,0.0,0.0,2.0,2.0,0.0,0.0,0.0,0.0,0.0,0.0,2.0,2.0,0.0,0.0,0.0,0.0,0.0,0.0,0.0,0.0,0.0,0.0,2,0,4,23,0.17391304347826086,0.1818
escherichia_coli,salpgrwr2c4,region_iii_central_luzon,pampanga,san_gabriel,river_water,2,4,neg,8,s,≤2,s,,s,16,s,4,s,≤0.25,s,,s,≤0.5,s,≤1,s,,s,≤0.25,s,≤2,s,≤1,s,≤2,s,,,1,i,≤0.5,s,2,r,≥16,r,≥16,r,32,s,32,r,≥320,r,5.0,22.0,0.2273,0.0,0.0,0.0,0.0,0.0,0.0,0.0,0.0,0.0,0.0,0.0,0.0,0.0,0.0,0.0,1.0,0.0,2.0,2.0,2.0,0.0,2.0,2.0,3,1,5,23,0.21739130434782608,0.2273
escherichia_coli,salpgrwr2c8,region_iii_central_luzon,pampanga,san_gabriel,river_water,2,8,neg,4,r,≤2,s,,s,32,r,4,s,≤0.25,s,,s,≤0.5,s,≤1,s,,s,≤0.25,s,≤2,s,≤1,s,≤2,s,,,1,i,≤0.5,s,0.25,s,≥16,r,≥16,r,≤16,s,≥64,r,≥320,r,6.0,22.0,0.2727,2.0,0.0,0.0,2.0,0.0,0.0,0.0,0.0,0.0,0.0,0.0,0.0,0.0,0.0,0.0,1.0,0.0,0.0,2.0,2.0,0.0,2.0,2.0,3,1,6,23,0.2608695652173913,0.2727
salmonella_group,salpgrwr3c6,region_iii_central_luzon,pampanga,san_gabriel,river_water,3,6,,≤2,s,≤2,s,,s,≤4,r,≤2,r,≤0.25,s,,s,≤0.5,s,≤1,s,,s,≤0.25,s,≤2,r,≤1,r,≤2,s,,,≤0.12,s,≤0.5,s,≤0.12,s,1,s,≤1,s,≤16,s,≤2,s,≤20,s,4.0,22.0,0.1818,0.0,0.0,0.0,2.0,2.0,0.0,0.0,0.0,0.0,0.0,0.0,2.0,2.0,0.0,0.0,0.0,0.0,0.0,0.0,0.0,0.0,0.0,0.0,2,0,4,23,0.17391304347826086,0.1818
escherichia_coli,salpgrwr3c15,region_iii_central_luzon,pampanga,san_gabriel,river_water,3,15,neg,≤2,r,≤2,s,,s,32,r,4,s,≤0.25,s,,s,≤0.5,s,≥8,r,,s,≤0.25,s,≤2,s,≤1,s,≤2,s,,,1,i,≤0.5,s,≤0.25,s,≥16,r,≥16,r,≤16,s,≥64,r,≥320,r,7.0,22.0,0.3182,2.0,0.0,0.0,2.0,0.0,0.0,0.0,0.0,2.0,0.0,0.0,0.0,0.0,0.0,0.0,1.0,0.0,0.0,2.0,2.0,0.0,2.0,2.0,3,1,7,23,0.30434782608695654,0.3182
escherichia_coli,sgpgrwr1c9,region_iii_central_luzon,pampanga,san_gabriel,river_water,1,9,neg,8,s,≤2,s,,s,8,s,4,s,≤0.25,s,,s,≤0.5,s,≤1,s,,s,≤0.25,s,≤2,s,≤1,s,≤2,s,,,1,i,≤0.5,s,≤0.25,s,≥16,r,≥16,r,32,s,≥64,r,≥320,r,4.0,22.0,0.1818,0.0,0.0,0.0,0.0,0.0,0.0,0.0,0.0,0.0,0.0,0.0,0.0,0.0,0.0,0.0,1.0,0.0,0.0,2.0,2.0,0.0,2.0,2.0,2,0,4,23,0.17391304347826086,0.1818
salmonella_group,sgpgrwr1c10,region_iii_central_luzon,pampanga,san_gabriel,river_water,1,10,,≤2,s,≤2,s,,s,≤4,r,≤2,r,≤0.25,s,,s,≤0.5,s,≤1,s,,s,≤0.25,s,≤2,r,≤1,r,≤2,s,,,≤0.12,s,≤0.5,s,≤0.12,s,1,s,≤1,s,≤16,s,≤2,s,≤20,s,4.0,22.0,0.1818,0.0,0.0,0.0,2.0,2.0,0.0,0.0,0.0,0.0,0.0,0.0,2.0,2.0,0.0,0.0,0.0,0.0,0.0,0.0,0.0,0.0,0.0,0.0,2,0,4,23,0.17391304347826086,0.1818
salmonella_group,sgpgrwr3c1,region_iii_central_luzon,pampanga,san_gabriel,river_water,3,1,,≤2,s,≤2,s,,s,≤4,r,≤2,r,≤0.25,s,,s,≤0.5,s,≤1,s,,s,≤0.25,s,≤2,r,≤1,r,≤2,s,,,≤0.12,s,≤0.5,s,≤0.12,s,1,s,≤1,s,≤16,s,4,s,≤20,s,4.0,22.0,0.1818,0.0,0.0,0.0,2.0,2.0,0.0,0.0,0.0,0.0,0.0,0.0,2.0,2.0,0.0,0.0,0.0,0.0,0.0,0.0,0.0,0.0,0.0,0.0,2,0,4,23,0.17391304347826086,0.1818
escherichia_coli,sgpgrwr3c2,region_iii_central_luzon,pampanga,san_gabriel,river_water,3,2,neg,≤2,s,≤2,s,,s,≤4,r,4,s,≤0.25,s,,s,1,s,≥8,r,,s,≤0.25,s,≤2,s,≤1,s,≤2,s,,,1,i,≤0.5,s,≤0.25,s,≥16,r,≥16,r,≤16,s,≥64,r,≥320,r,6.0,22.0,0.2727,0.0,0.0,0.0,2.0,0.0,0.0,0.0,0.0,2.0,0.0,0.0,0.0,0.0,0.0,0.0,1.0,0.0,0.0,2.0,2.0,0.0,2.0,2.0,3,1,6,23,0.2608695652173913,0.2727
salmonella_group,salpgftr2c9,region_iii_central_luzon,pampanga,san_gabriel,fish_tilapia,2,9,,≤2,s,≤2,s,,s,≤4,r,≤2,r,≤0.25,s,,s,≤0.5,s,≤1,s,,s,≤0.25,s,≤2,r,≤1,r,≤2,s,,,0.25,s,≤0.5,s,≤0.12,s,1,s,≤1,s,≤16,s,≤2,s,≤20,s,4.0,22.0,0.1818,0.0,0.0,0.0,2.0,2.0,0.0,0.0,0.0,0.0,0.0,0.0,2.0,2.0,0.0,0.0,0.0,0.0,0.0,0.0,0.0,0.0,0.0,0.0,2,0,4,23,0.17391304347826086,0.1818
escherichia_coli,salpgftr2c10,region_iii_central_luzon,pampanga,san_gabriel,fish_tilapia,2,10,neg,8,r,≤2,s,,s,≤64,r,4,s,≤0.25,s,,s,≤0.5,s,≥8,r,,s,≤0.25,s,≤2,s,≤1,s,≤2,s,,,1,i,≤0.5,s,0.5,i,≥16,r,≥16,r,32,s,≥64,r,≥320,r,7.0,22.0,0.3182,2.0,0.0,0.0,2.0,0.0,0.0,0.0,0.0,2.0,0.0,0.0,0.0,0.0,0.0,0.0,1.0,0.0,1.0,2.0,2.0,0.0,2.0,2.0,3,1,7,23,0.30434782608695654,0.3182
salmonella_group,salpgftr3c1,region_iii_central_luzon,pampanga,san_gabriel,fish_tilapia,3,1,,≤2,s,≤2,s,,s,≤4,r,≤2,r,≤0.25,s,,s,≤0.5,s,≤1,s,,s,≤0.25,s,≤2,r,≤1,r,≤2,s,,,≤0.12,s,≤0.5,s,≤0.12,s,1,s,≤1,s,≤16,s,≤2,s,≤20,s,4.0,22.0,0.1818,0.0,0.0,0.0,2.0,2.0,0.0,0.0,0.0,0.0,0.0,0.0,2.0,2.0,0.0,0.0,0.0,0.0,0.0,0.0,0.0,0.0,0.0,0.0,2,0,4,23,0.17391304347826086,0.1818
salmonella_group,salpgftr3c2,region_iii_central_luzon,pampanga,san_gabriel,fish_tilapia,3,2,,≤2,s,≤2,s,,s,≤4,r,≤2,r,≤0.25,s,,s,≤0.5,s,≤1,s,,s,≤0.25,s,≤2,r,≤1,r,≤2,s,,,≤0.12,s,≤0.5,s,≤0.12,s,1,s,≤1,s,≤16,s,≤2,s,≤20,s,4.0,22.0,0.1818,0.0,0.0,0.0,2.0,2.0,0.0,0.0,0.0,0.0,0.0,0.0,2.0,2.0,0.0,0.0,0.0,0.0,0.0,0.0,0.0,0.0,0.0,0.0,2,0,4,23,0.17391304347826086,0.1818
escherichia_coli,salpgfgr2c7,region_iii_central_luzon,pampanga,san_gabriel,fish_gusaw,2,7,neg,4,s,≤2,s,,s,≤4,s,4,s,≤0.25,s,,s,≤0.5,s,4,i,,s,≤0.25,s,≤2,s,≤1,s,≤2,s,,,1,i,≤0.5,s,0.25,s,≥16,r,≥16,r,≤16,s,≥64,r,≥320,r,4.0,22.0,0.1818,0.0,0.0,0.0,0.0,0.0,0.0,0.0,0.0,1.0,0.0,0.0,0.0,0.0,0.0,0.0,1.0,0.0,0.0,2.0,2.0,0.0,2.0,2.0,2,0,4,23,0.17391304347826086,0.1818
salmonella_group,salpgfgr2c9,region_iii_central_luzon,pampanga,san_gabriel,fish_gusaw,2,9,,≤2,s,≤2,s,,s,≤4,r,≤2,r,≤0.25,s,,s,≤0.5,s,≤1,s,,s,≤0.25,s,≤2,r,≤1,r,≤2,s,,,≤0.12,s,≤0.5,s,≤0.12,s,1,s,≤1,s,≤16,s,≤2,s,≤20,s,4.0,22.0,0.1818,0.0,0.0,0.0,2.0,2.0,0.0,0.0,0.0,0.0,0.0,0.0,2.0,2.0,0.0,0.0,0.0,0.0,0.0,0.0,0.0,0.0,0.0,0.0,2,0,4,23,0.17391304347826086,0.1818
escherichia_coli,sgpgfgr3c5,region_iii_central_luzon,pampanga,san_gabriel,fish_gusaw,3,5,neg,≤2,r,≤2,s,,s,≤64,r,4,s,≤0.25,s,,s,1,s,≤1,s,,s,≤0.25,s,≤2,s,≤1,s,≤2,s,,,≤0.12,s,≤0.5,s,≤0.12,s,≤16,r,≤16,r,≤16,s,4,s,≤20,s,4.0,22.0,0.1818,2.0,0.0,0.0,2.0,0.0,0.0,0.0,0.0,0.0,0.0,0.0,0.0,0.0,0.0,0.0,0.0,0.0,0.0,2.0,2.0,0.0,0.0,0.0,2,0,4,23,0.17391304347826086,0.1818
escherichia_coli,sgpgfgr3c7,region_iii_central_luzon,pampanga,san_gabriel,fish_gusaw,3,7,neg,≤2,r,≤2,s,,s,≤64,r,4,s,≤0.25,s,,s,≤0.5,s,4,i,,s,≤0.25,s,≤2,s,≤1,s,≤2,s,,,1,i,≤0.5,s,≤0.25,s,≥16,r,≥16,r,≤16,s,≥64,r,≥320,r,6.0,22.0,0.2727,2.0,0.0,0.0,2.0,0.0,0.0,0.0,0.0,1.0,0.0,0.0,0.0,0.0,0.0,0.0,1.0,0.0,0.0,2.0,2.0,0.0,2.0,2.0,3,1,6,23,0.2608695652173913,0.2727
escherichia_coli,salpgfgr3c8,region_iii_central_luzon,pampanga,san_gabriel,fish_gusaw,3,8,neg,8,s,≤2,s,,s,≤4,s,4,s,≤0.25,s,,s,≤0.5,s,≤1,s,,s,≤0.25,s,≤2,s,≤1,s,≤2,s,,,1,i,≤0.5,s,0.25,s,≥16,r,≥16,r,≤16,s,32,r,≥320,r,4.0,22.0,0.1818,0.0,0.0,0.0,0.0,0.0,0.0,0.0,0.0,0.0,0.0,0.0,0.0,0.0,0.0,0.0,1.0,0.0,0.0,2.0,2.0,0.0,2.0,2.0,2,0,4,23,0.17391304347826086,0.1818
escherichia_coli,salpgfgr3c10,region_iii_central_luzon,pampanga,san_gabriel,fish_gusaw,3,10,neg,8,r,≤2,s,,s,32,r,4,s,≤0.25,s,,s,≤0.5,s,≥8,r,,s,≤0.25,s,≤2,s,≤1,s,≤2,s,,,1,i,≤0.5,s,0.25,s,≥16,r,≥16,r,≤16,s,≥64,r,≥320,r,7.0,22.0,0.3182,2.0,0.0,0.0,2.0,0.0,0.0,0.0,0.0,2.0,0.0,0.0,0.0,0.0,0.0,0.0,1.0,0.0,0.0,2.0,2.0,0.0,2.0,2.0,3,1,7,23,0.30434782608695654,0.3182
salmonella_group,salpgfgr3c10,region_iii_central_luzon,pampanga,san_gabriel,fish_gusaw,3,10,,≤2,s,≤2,s,,s,≤4,r,≤2,r,≤0.25,s,,s,≤0.5,s,≤1,s,,s,≤0.25,s,≤2,r,≤1,r,≤2,s,,,≤0.12,s,≤0.5,s,≤0.12,s,1,s,≤1,s,≤16,s,≤2,s,≤20,s,4.0,22.0,0.1818,0.0,0.0,0.0,2.0,2.0,0.0,0.0,0.0,0.0,0.0,0.0,2.0,2.0,0.0,0.0,0.0,0.0,0.0,0.0,0.0,0.0,0.0,0.0,2,0,4,23,0.17391304347826086,0.1818
escherichia_coli,vcpgrwr1c5,region_iii_central_luzon,pampanga,san_gabriel,river_water,1,5,neg,8*,r,4,s,,s,>=64,r,4,s,<=0.25,s,,s,1,s,4,i,,s,<=0.25,s,<=2,s,<=1,s,<=2,s,,,0.25,s,<=0.5,s,<=0.12,s,1,s,<=1,s,<=16,s,8,s,<=0.20,s,2.0,22.0,0.0909,2.0,0.0,0.0,2.0,0.0,0.0,0.0,0.0,1.0,0.0,0.0,0.0,0.0,0.0,0.0,0.0,0.0,0.0,0.0,0.0,0.0,0.0,0.0,1,0,2,23,0.08695652173913043,0.0909
escherichia_coli,vcpgrwr1c13,region_iii_central_luzon,pampanga,san_gabriel,river_water,1,13,neg,4*,r,<=2,s,,s,>=64,r,4,s,<=0.25,s,,s,1,s,4,i,,s,<=0.26,s,<=2,s,<=1,s,<=2,s,,,0.25,s,<=0.5,s,<=0.12,s,1,s,<=1,s,<=16,s,4,s,<=0.20,s,2.0,22.0,0.0909,2.0,0.0,0.0,2.0,0.0,0.0,0.0,0.0,1.0,0.0,0.0,0.0,0.0,0.0,0.0,0.0,0.0,0.0,0.0,0.0,0.0,0.0,0.0,1,0,2,23,0.08695652173913043,0.0909
klebsiella_pneumoniae_ssp_pneumoniae,vcpgrwr1c14,region_iii_central_luzon,pampanga,san_gabriel,river_water,1,14,neg,16,r,<=2,s,,s,<=4,s,<=2,s,<=0.25,s,,s,1,s,4,i,,s,<=0.27,s,<=2,s,<=1,s,<=2,s,,,1,i,<=0.5,s,<=0.12,s,1,i,<=1,s,32,s,<=2,s,<=0.20,s,1.0,22.0,0.0455,2.0,0.0,0.0,0.0,0.0,0.0,0.0,0.0,1.0,0.0,0.0,0.0,0.0,0.0,0.0,1.0,0.0,0.0,1.0,0.0,0.0,0.0,0.0,1,0,1,23,0.043478260869565216,0.0455
klebsiella_pneumoniae_ssp_pneumoniae,vcpgrwr2c15,region_iii_central_luzon,pampanga,san_gabriel,river_water,2,15,neg,>=32,r,<=2,s,,s,<=4,s,<=2,s,<=0.25,s,,s,1,s,4,i,,s,<=0.27,s,<=2,s,<=1,s,<=2,s,,,0.5,s,<=0.5,s,<=0.12,s,2,i,<=1,r,32,s,<=2,s,<=0.20,s,3.0,22.0,0.1364,2.0,0.0,0.0,0.0,0.0,0.0,0.0,0.0,1.0,0.0,0.0,0.0,0.0,0.0,0.0,0.0,0.0,0.0,1.0,2.0,0.0,0.0,0.0,2,0,2,23,0.08695652173913043,0.1364
escherichia_coli,vcpgftr1c7,region_iii_central_luzon,pampanga,san_gabriel,fish_tilapia,1,7,neg,8*,r,4,s,,s,>=64,r,4,s,<=0.25,s,,s,1,s,2,s,,s,<=0.27,s,<=2,s,<=1,s,<=2,s,,,<=0.12,s,<=0.5,s,<=0.12,s,1,s,<=1,s,<=16,s,8,s,<=0.20,s,2.0,22.0,0.0909,2.0,0.0,0.0,2.0,0.0,0.0,0.0,0.0,0.0,0.0,0.0,0.0,0.0,0.0,0.0,0.0,0.0,0.0,0.0,0.0,0.0,0.0,0.0,1,0,2,23,0.08695652173913043,0.0909
escherichia_coli,vcpgftr1c9,region_iii_central_luzon,pampanga,san_gabriel,fish_tilapia,1,9,neg,4,r,<=2,s,,s,>=64,r,4,s,<=0.25,s,,s,<=0.5,s,4,s,,s,<=0.27,s,<=2,s,<=1,s,<=2,s,,,<=0.12,s,<=0.5,s,<=0.12,s,1,s,<=1,s,<=16,s,8,i,<=0.20,s,2.0,22.0,0.0909,2.0,0.0,0.0,2.0,0.0,0.0,0.0,0.0,0.0,0.0,0.0,0.0,0.0,0.0,0.0,0.0,0.0,0.0,0.0,0.0,0.0,1.0,0.0,1,0,2,23,0.08695652173913043,0.0909
escherichia_coli,vcpgftr1c10,region_iii_central_luzon,pampanga,san_gabriel,fish_tilapia,1,10,neg,4,r,<=2,s,,s,>=64,r,4,s,<=0.25,s,,s,<=0.5,s,4,i,,s,<=0.27,s,<=2,s,<=1,s,<=2,s,,,<=0.12,s,<=0.5,s,<=0.12,s,1,s,<=1,s,<=16,s,8,s,<=0.20,s,2.0,22.0,0.0909,2.0,0.0,0.0,2.0,0.0,0.0,0.0,0.0,1.0,0.0,0.0,0.0,0.0,0.0,0.0,0.0,0.0,0.0,0.0,0.0,0.0,0.0,0.0,1,0,2,23,0.08695652173913043,0.0909
escherichia_coli,vcpgftr1c11,region_iii_central_luzon,pampanga,san_gabriel,fish_tilapia,1,11,neg,4,r,<=2,s,,s,>=64,r,4,s,<=0.25,s,,s,<=0.5,s,4,i,,s,<=0.27,s,<=2,s,<=1,s,<=2,s,,,<=0.12,s,<=0.5,s,<=0.12,s,1,s,<=1,s,<=16,s,16,i,<=0.20,s,2.0,22.0,0.0909,2.0,0.0,0.0,2.0,0.0,0.0,0.0,0.0,1.0,0.0,0.0,0.0,0.0,0.0,0.0,0.0,0.0,0.0,0.0,0.0,0.0,1.0,0.0,1,0,2,23,0.08695652173913043,0.0909
escherichia_coli,vcpgftr1c12,region_iii_central_luzon,pampanga,san_gabriel,fish_tilapia,1,12,neg,4,r,<=2,s,,s,>=64,r,4,s,<=0.25,s,,s,<=0.5,s,2,s,,s,<=0.27,s,<=2,s,<=1,s,<=2,s,,,<=0.12,s,<=0.5,s,<=0.12,s,1,s,<=1,s,<=16,s,16,i,<=0.20,s,2.0,22.0,0.0909,2.0,0.0,0.0,2.0,0.0,0.0,0.0,0.0,0.0,0.0,0.0,0.0,0.0,0.0,0.0,0.0,0.0,0.0,0.0,0.0,0.0,1.0,0.0,1,0,2,23,0.08695652173913043,0.0909
enterobacter_cloacae_complex,ec_prdwr1c1,region_iii_central_luzon,pampanga,san_roque,drinking_water,1,1,,,,4,r,,,≤64,r,16,r,0.5,s,,s,2,s,4,i,,s,≤0.25,s,≤2,s,≤1,s,≤2,s,,,0.5,s,≤0.5,s,≤0.12,s,2,s,≤1,s,64,i,4,s,≤20,s,3.0,20.0,0.15,2.0,2.0,0.0,2.0,2.0,0.0,0.0,0.0,1.0,0.0,0.0,0.0,0.0,0.0,0.0,0.0,0.0,0.0,0.0,0.0,1.0,0.0,0.0,1,0,4,23,0.17391304347826086,0.15
klebsiella_pneumoniae_ssp_pneumoniae,ec_prdwr1c6,region_iii_central_luzon,pampanga,san_roque,drinking_water,1,6,neg,16,r,≤2,s,,s,≤4,s,≤2,s,≤0.25,s,,s,≤0.5,s,4,i,,s,≤0.25,s,≤2,s,≤1,s,≤2,s,,,≤0.12,s,≤0.5,s,≤0.12,s,≤0.5,s,≤1,s,≤16,s,≤2,s,≤20,s,1.0,22.0,0.0455,2.0,0.0,0.0,0.0,0.0,0.0,0.0,0.0,1.0,0.0,0.0,0.0,0.0,0.0,0.0,0.0,0.0,0.0,0.0,0.0,0.0,0.0,0.0,1,0,1,23,0.043478260869565216,0.0455
enterobacter_cloacae_complex,ec_prdwr1c9,region_iii_central_luzon,pampanga,san_roque,drinking_water,1,9,,,,8,r,,,16,r,32,r,0.5,s,,s,2,s,≤1,s,,s,≤0.25,s,≤2,s,≤1,s,≤2,s,,,≤0.12,s,≤0.5,s,≤0.12,s,2,s,≤1,s,64,i,4,s,≤20,s,3.0,20.0,0.15,2.0,2.0,0.0,2.0,2.0,0.0,0.0,0.0,0.0,0.0,0.0,0.0,0.0,0.0,0.0,0.0,0.0,0.0,0.0,0.0,1.0,0.0,0.0,1,0,4,23,0.17391304347826086,0.15
enterobacter_cloacae_complex,ec_prdwr2c6,region_iii_central_luzon,pampanga,san_roque,drinking_water,2,6,,,,4,r,,,16,r,32,r,0.5,s,,s,2,s,≤1,s,,s,≤0.25,s,≤2,s,≤1,s,≤2,s,,,≤0.12,s,≤0.5,s,≤0.12,s,4,s,≤1,s,64,i,4,s,≤20,s,3.0,20.0,0.15,2.0,2.0,0.0,2.0,2.0,0.0,0.0,0.0,0.0,0.0,0.0,0.0,0.0,0.0,0.0,0.0,0.0,0.0,0.0,0.0,1.0,0.0,0.0,1,0,4,23,0.17391304347826086,0.15
enterobacter_cloacae_complex,ec_prdwr3c3,region_iii_central_luzon,pampanga,san_roque,drinking_water,3,3,,,,8,r,,,16,r,16,r,0.5,s,,s,2,s,≤1,s,,s,≤0.25,s,≤2,s,≤1,s,≤2,s,,,≤0.12,s,≤0.5,s,≤0.12,s,2,s,≤1,s,64,i,4,s,≤20,s,3.0,20.0,0.15,2.0,2.0,0.0,2.0,2.0,0.0,0.0,0.0,0.0,0.0,0.0,0.0,0.0,0.0,0.0,0.0,0.0,0.0,0.0,0.0,1.0,0.0,0.0,1,0,4,23,0.17391304347826086,0.15
enterobacter_cloacae_complex,ec_prdwr3c5,region_iii_central_luzon,pampanga,san_roque,drinking_water,3,5,,,,4,r,,,8,r,32,r,0.5,s,,s,2,s,≤1,s,,s,≤0.25,s,≤2,s,≤1,s,≤2,s,,,≤0.12,s,≤0.5,s,≤0.12,s,2,s,≤1,s,32,s,4,s,≤20,s,3.0,20.0,0.15,2.0,2.0,0.0,2.0,2.0,0.0,0.0,0.0,0.0,0.0,0.0,0.0,0.0,0.0,0.0,0.0,0.0,0.0,0.0,0.0,0.0,0.0,0.0,1,0,4,23,0.17391304347826086,0.15
enterobacter_cloacae_complex,ec_prdwr3c9,region_iii_central_luzon,pampanga,san_roque,drinking_water,3,9,,,,≥32,r,,,16,r,32,r,0.5,s,,s,2,s,≤1,s,,s,≤0.25,s,≤2,s,≤1,s,≤2,s,,,≤0.12,s,≤0.5,s,≤0.12,s,2,s,≤1,s,32,s,4,s,≤20,s,3.0,20.0,0.15,2.0,2.0,0.0,2.0,2.0,0.0,0.0,0.0,0.0,0.0,0.0,0.0,0.0,0.0,0.0,0.0,0.0,0.0,0.0,0.0,0.0,0.0,0.0,1,0,4,23,0.17391304347826086,0.15
enterobacter_cloacae_complex,ec_prdwr3c10,region_iii_central_luzon,pampanga,san_roque,drinking_water,3,10,,,,16,r,,,16,r,32,r,0.5,s,,s,2,s,≤1,s,,s,≤0.25,s,≤2,s,≤1,s,≤2,s,,,≤0.12,s,≤0.5,s,≤0.12,s,2,s,2,s,64,i,4,s,≤20,s,3.0,20.0,0.15,2.0,2.0,0.0,2.0,2.0,0.0,0.0,0.0,0.0,0.0,0.0,0.0,0.0,0.0,0.0,0.0,0.0,0.0,0.0,0.0,1.0,0.0,0.0,1,0,4,23,0.17391304347826086,0.15
enterobacter_cloacae_complex,ec_prrwr1c2,region_iii_central_luzon,pampanga,san_roque,river_water,1,2,,,,4,r,,,≥64,r,16,r,0.5,s,,s,2,s,≤1,s,,s,≤0.25,s,≤2,s,≤1,s,≤2,s,,,≤0.12,s,≤0.5,s,≤0.12,s,2,s,2,s,32,s,4,s,≤20,s,3.0,20.0,0.15,2.0,2.0,0.0,2.0,2.0,0.0,0.0,0.0,0.0,0.0,0.0,0.0,0.0,0.0,0.0,0.0,0.0,0.0,0.0,0.0,0.0,0.0,0.0,1,0,4,23,0.17391304347826086,0.15
klebsiella_pneumoniae_ssp_pneumoniae,ec_prrwr1c5,region_iii_central_luzon,pampanga,san_roque,river_water,1,5,neg,≥32,r,≤2,s,,s,≤4,s,≤2,s,≤0.25,s,,s,1,s,≤1,s,,s,≤0.25,s,≤2,s,≤1,s,16,i,,,1,i,1,s,0.5,i,≥16,r,≥16,r,32,s,≥64,r,≥320,r,5.0,22.0,0.2273,2.0,0.0,0.0,0.0,0.0,0.0,0.0,0.0,0.0,0.0,0.0,0.0,0.0,1.0,0.0,1.0,0.0,1.0,2.0,2.0,0.0,2.0,2.0,3,1,5,23,0.21739130434782608,0.2273
klebsiella_pneumoniae_ssp_pneumoniae,ec_prrwr1c10,region_iii_central_luzon,pampanga,san_roque,river_water,1,10,neg,16,r,≤2,s,,s,≤4,s,≤2,s,≤0.25,s,,s,1,s,2,s,,s,≤0.25,s,≤2,s,≤1,s,≤2,s,,,≤0.12,s,≤0.5,s,≤0.12,s,1,s,≤1,s,32,s,4,s,≤20,s,1.0,22.0,0.0455,2.0,0.0,0.0,0.0,0.0,0.0,0.0,0.0,0.0,0.0,0.0,0.0,0.0,0.0,0.0,0.0,0.0,0.0,0.0,0.0,0.0,0.0,0.0,1,0,1,23,0.043478260869565216,0.0455
klebsiella_pneumoniae_ssp_pneumoniae,ec_prrwr2c4,region_iii_central_luzon,pampanga,san_roque,river_water,2,4,neg,≥32,r,≤2,s,,s,≤4,s,≤2,s,≤0.25,s,,s,2,s,≤1,s,,s,≤0.25,s,≤2,s,≤1,s,≤2,s,,,≤0.12,s,≤0.5,s,≤0.12,s,1,s,≤1,s,64,i,≤2,s,≤20,s,1.0,22.0,0.0455,2.0,0.0,0.0,0.0,0.0,0.0,0.0,0.0,0.0,0.0,0.0,0.0,0.0,0.0,0.0,0.0,0.0,0.0,0.0,0.0,1.0,0.0,0.0,1,0,1,23,0.043478260869565216,0.0455
klebsiella_pneumoniae_ssp_pneumoniae,ec_prrwr2c9,region_iii_central_luzon,pampanga,san_roque,river_water,2,9,neg,16,r,≤2,s,,s,≤4,s,≤2,s,≤0.25,s,,s,1,s,≤1,s,,s,≤0.25,s,≤2,s,≤1,s,16,i,,,0.5,s,≤0.5,s,16,i,≥16,r,≥16,r,32,s,≥64,r,≥320,r,5.0,22.0,0.2273,2.0,0.0,0.0,0.0,0.0,0.0,0.0,0.0,0.0,0.0,0.0,0.0,0.0,1.0,0.0,0.0,0.0,1.0,2.0,2.0,0.0,2.0,2.0,3,1,5,23,0.21739130434782608,0.2273
enterobacter_cloacae_complex,ec_prrwr3c1,region_iii_central_luzon,pampanga,san_roque,river_water,3,1,,,,4,r,,,16,r,16,r,0.5,s,,s,1,s,≤1,s,,s,≤0.25,s,≤2,s,≤1,s,≤2,s,,,≤0.12,s,≤0.5,s,≤0.12,s,2,s,≤1,s,32,s,4,s,≤20,s,3.0,20.0,0.15,2.0,2.0,0.0,2.0,2.0,0.0,0.0,0.0,0.0,0.0,0.0,0.0,0.0,0.0,0.0,0.0,0.0,0.0,0.0,0.0,0.0,0.0,0.0,1,0,4,23,0.17391304347826086,0.15
enterobacter_cloacae_complex,ec_prrwr3c4,region_iii_central_luzon,pampanga,san_roque,river_water,3,4,,,,4,r,,,≥64,r,16,r,0.5,s,,s,1,s,4,i,,s,≤0.25,s,≤2,s,≤1,s,≤2,s,,,≤0.12,s,≤0.5,s,≤0.12,s,1,s,≤1,s,32,s,4,s,≤20,s,3.0,20.0,0.15,2.0,2.0,0.0,2.0,2.0,0.0,0.0,0.0,1.0,0.0,0.0,0.0,0.0,0.0,0.0,0.0,0.0,0.0,0.0,0.0,0.0,0.0,0.0,1,0,4,23,0.17391304347826086,0.15
escherichia_coli,ec_prrwr3c9,region_iii_central_luzon,pampanga,san_roque,river_water,3,9,neg,8,r,4,s,,s,32,r,4,s,≤0.25,s,,s,1,s,≤1,s,,s,≤0.25,s,≤2,s,≤1,s,≤2,s,,,≤0.12,s,≤0.5,s,≤0.12,s,1,s,≤1,s,≤16,s,8,s,≤20,s,2.0,22.0,0.0909,2.0,0.0,0.0,2.0,0.0,0.0,0.0,0.0,0.0,0.0,0.0,0.0,0.0,0.0,0.0,0.0,0.0,0.0,0.0,0.0,0.0,0.0,0.0,1,0,2,23,0.08695652173913043,0.0909
escherichia_coli,ec_prftr1c2,region_iii_central_luzon,pampanga,san_roque,fish_tilapia,1,2,neg,4,s,≤2,s,,s,8,s,16,i,≤0.25,s,,s,≤0.5,s,≤1,s,,s,≤0.25,s,≤2,s,≤1,s,≤2,s,,,≤0.12,s,≤0.5,s,≤0.12,s,1,s,≤1,s,≤16,s,≤2,s,≤20,s,0.0,22.0,0.0,0.0,0.0,0.0,0.0,1.0,0.0,0.0,0.0,0.0,0.0,0.0,0.0,0.0,0.0,0.0,0.0,0.0,0.0,0.0,0.0,0.0,0.0,0.0,0,0,0,23,0.0,0.0
escherichia_coli,ec_prftr1c10,region_iii_central_luzon,pampanga,san_roque,fish_tilapia,1,10,neg,8,s,4,s,,s,8,s,4,s,≤0.25,s,,s,1,s,≤1,s,,s,≤0.25,s,≤2,s,≤1,s,≤2,s,,,≤0.12,s,≤0.5,s,≤0.12,s,1,s,≤1,s,≤16,s,8,s,≤20,s,0.0,22.0,0.0,0.0,0.0,0.0,0.0,0.0,0.0,0.0,0.0,0.0,0.0,0.0,0.0,0.0,0.0,0.0,0.0,0.0,0.0,0.0,0.0,0.0,0.0,0.0,0,0,0,23,0.0,0.0
enterobacter_aerogenes,ec_prftr1c16,region_iii_central_luzon,pampanga,san_roque,fish_tilapia,1,16,,,,≥32,r,,s,≥64,r,32,r,≤0.25,s,,s,4,i,≤1,s,,s,≤0.25,s,≤2,s,≤1,s,≤2,s,,,≤0.12,s,≤0.5,s,≤0.12,s,4,s,2,s,64,i,4,s,≤20,s,3.0,21.0,0.1429,2.0,2.0,0.0,2.0,2.0,0.0,0.0,1.0,0.0,0.0,0.0,0.0,0.0,0.0,0.0,0.0,0.0,0.0,0.0,0.0,1.0,0.0,0.0,1,0,4,23,0.17391304347826086,0.1429
enterobacter_cloacae_complex,ec_prftr1c17,region_iii_central_luzon,pampanga,san_roque,fish_tilapia,1,17,,,,8,r,,,16,r,32,r,0.5,s,,s,2,s,≤1,s,,s,≤0.25,s,≤2,s,≤1,s,≤2,s,,,≤0.12,s,≤0.5,s,≤0.12,s,2,s,≤1,s,64,i,4,s,≤20,s,3.0,20.0,0.15,2.0,2.0,0.0,2.0,2.0,0.0,0.0,0.0,0.0,0.0,0.0,0.0,0.0,0.0,0.0,0.0,0.0,0.0,0.0,0.0,1.0,0.0,0.0,1,0,4,23,0.17391304347826086,0.15
enterobacter_aerogenes,ec_prftr2c5,region_iii_central_luzon,pampanga,san_roque,fish_tilapia,2,5,,,,≥32,r,,s,≥64,r,32,r,0.5,s,,s,4,i,≤1,s,,s,≤0.25,s,≤2,s,≤1,s,≤2,s,,,1,i,≤0.5,s,≤0.12,s,4,s,4,s,64,i,8,s,≤20,s,3.0,21.0,0.1429,2.0,2.0,0.0,2.0,2.0,0.0,0.0,1.0,0.0,0.0,0.0,0.0,0.0,0.0,0.0,1.0,0.0,0.0,0.0,0.0,1.0,0.0,0.0,1,0,4,23,0.17391304347826086,0.1429
escherichia_coli,ec_prftr2c7,region_iii_central_luzon,pampanga,san_roque,fish_tilapia,2,7,neg,≤2*,r,≤2,s,,s,32,r,4,s,≤0.25,s,,s,≤0.5,s,≤1,s,,s,≤0.25,s,≤2,s,≤1,s,≤2,s,,,0.25,s,≤0.5,s,≤0.12,s,1,s,≤1,s,≤16,s,4,s,≤20,s,2.0,22.0,0.0909,2.0,0.0,0.0,2.0,0.0,0.0,0.0,0.0,0.0,0.0,0.0,0.0,0.0,0.0,0.0,0.0,0.0,0.0,0.0,0.0,0.0,0.0,0.0,1,0,2,23,0.08695652173913043,0.0909
enterobacter_aerogenes,ec_prftr2c18,region_iii_central_luzon,pampanga,san_roque,fish_tilapia,2,18,,,,≥32,r,,s,≥64,r,16,r,≤0.25,s,,s,1,s,≤1,s,,s,0.5,s,≤2,s,≤1,s,≤2,s,,,≤0.12,s,≤0.5,s,≤0.12,s,1,s,≤1,s,64,i,≤2,s,≤20,s,3.0,21.0,0.1429,2.0,2.0,0.0,2.0,2.0,0.0,0.0,0.0,0.0,0.0,0.0,0.0,0.0,0.0,0.0,0.0,0.0,0.0,0.0,0.0,1.0,0.0,0.0,1,0,4,23,0.17391304347826086,0.1429
enterobacter_cloacae_complex,ec_prftr3c5,region_iii_central_luzon,pampanga,san_roque,fish_tilapia,3,5,,,,8,r,,,16,r,16,r,0.5,s,,s,2,s,≤1,s,,s,≤0.25,s,≤2,s,≤1,s,≤2,s,,,≤0.12,s,≤0.5,s,≤0.12,s,2,s,≤1,s,64,i,4,s,≤20,s,3.0,20.0,0.15,2.0,2.0,0.0,2.0,2.0,0.0,0.0,0.0,0.0,0.0,0.0,0.0,0.0,0.0,0.0,0.0,0.0,0.0,0.0,0.0,1.0,0.0,0.0,1,0,4,23,0.17391304347826086,0.15
enterobacter_aerogenes,ec_prfgr1c1,region_iii_central_luzon,pampanga,san_roque,fish_gusaw,1,1,,,,≥32,r,,s,≥64,r,16,r,≤0.25,s,,s,1,s,2,s,,s,1,s,≤2,s,≤1,s,≤2,s,,,≤0.12,s,≤0.5,s,≤0.12,s,1,s,≤1,s,64,i,4,s,≤20,s,3.0,21.0,0.1429,2.0,2.0,0.0,2.0,2.0,0.0,0.0,0.0,0.0,0.0,0.0,0.0,0.0,0.0,0.0,0.0,0.0,0.0,0.0,0.0,1.0,0.0,0.0,1,0,4,23,0.17391304347826086,0.1429
enterobacter_cloacae_complex,ec_prfgr1c7,region_iii_central_luzon,pampanga,san_roque,fish_gusaw,1,7,,,,16,r,,,≥64,r,16,r,0.5,s,,s,2,s,≤1,s,,s,≤0.25,s,≤2,s,≤1,s,≤2,s,,,0.25,s,≤0.5,s,≤0.12,s,2,s,≤1,s,64,i,4,s,≤20,s,3.0,20.0,0.15,2.0,2.0,0.0,2.0,2.0,0.0,0.0,0.0,0.0,0.0,0.0,0.0,0.0,0.0,0.0,0.0,0.0,0.0,0.0,0.0,1.0,0.0,0.0,1,0,4,23,0.17391304347826086,0.15
enterobacter_cloacae_complex,ec_prfgr1c12,region_iii_central_luzon,pampanga,san_roque,fish_gusaw,1,12,,,,8,r,,,≥64,r,16,r,0.5,s,,s,2,s,≤1,s,,s,≤0.25,s,≤2,s,≤1,s,≤2,s,,,≤0.12,s,≤0.5,s,≤0.12,s,2,s,2,s,64,i,4,s,≤20,s,3.0,20.0,0.15,2.0,2.0,0.0,2.0,2.0,0.0,0.0,0.0,0.0,0.0,0.0,0.0,0.0,0.0,0.0,0.0,0.0,0.0,0.0,0.0,1.0,0.0,0.0,1,0,4,23,0.17391304347826086,0.15
enterobacter_cloacae_complex,ec_prfgr1c15,region_iii_central_luzon,pampanga,san_roque,fish_gusaw,1,15,,,,4,r,,,≥64,r,16,r,0.5,s,,s,1,s,≤1,s,,s,≤0.25,s,≤2,s,≤1,s,≤2,s,,,≤0.12,s,≤0.5,s,≤0.12,s,2,s,≤1,s,64,i,4,s,≤20,s,3.0,20.0,0.15,2.0,2.0,0.0,2.0,2.0,0.0,0.0,0.0,0.0,0.0,0.0,0.0,0.0,0.0,0.0,0.0,0.0,0.0,0.0,0.0,1.0,0.0,0.0,1,0,4,23,0.17391304347826086,0.15
enterobacter_cloacae_complex,ec_prfgr1c18,region_iii_central_luzon,pampanga,san_roque,fish_gusaw,1,18,,,,8,r,,,16,r,16,r,0.5,s,,s,2,s,≤1,s,,s,≤0.25,s,≤2,s,≤1,s,≤2,s,,,≤0.12,s,≤0.5,s,≤0.12,s,2,s,≤1,s,64,i,4,s,≤20,s,3.0,20.0,0.15,2.0,2.0,0.0,2.0,2.0,0.0,0.0,0.0,0.0,0.0,0.0,0.0,0.0,0.0,0.0,0.0,0.0,0.0,0.0,0.0,1.0,0.0,0.0,1,0,4,23,0.17391304347826086,0.15
klebsiella_pneumoniae_ssp_pneumoniae,ec_prfgr2c2,region_iii_central_luzon,pampanga,san_roque,fish_gusaw,2,2,neg,≥32,r,≤2,s,,s,≤4,s,≤2,s,≤0.25,s,,s,1,s,≤1,s,,s,≤0.25,s,≤2,s,≤1,s,≤2,s,,,1,i,1,s,0.5,i,≥16,r,≥16,r,64,i,≥64,r,≥320,r,5.0,22.0,0.2273,2.0,0.0,0.0,0.0,0.0,0.0,0.0,0.0,0.0,0.0,0.0,0.0,0.0,0.0,0.0,1.0,0.0,1.0,2.0,2.0,1.0,2.0,2.0,3,1,5,23,0.21739130434782608,0.2273
klebsiella_pneumoniae_ssp_pneumoniae,ec_prfgr2c7,region_iii_central_luzon,pampanga,san_roque,fish_gusaw,2,7,neg,≥32,r,4,s,,s,≤4,s,≤2,s,≤0.25,s,,s,1,s,≤1,s,,s,≤0.25,s,≤2,s,≤1,s,≤2,s,,,≤0.12,s,≤0.5,s,≤0.12,s,1,s,≤1,s,32,s,≤2,s,≤20,s,1.0,22.0,0.0455,2.0,0.0,0.0,0.0,0.0,0.0,0.0,0.0,0.0,0.0,0.0,0.0,0.0,0.0,0.0,0.0,0.0,0.0,0.0,0.0,0.0,0.0,0.0,1,0,1,23,0.043478260869565216,0.0455
klebsiella_pneumoniae_ssp_pneumoniae,ec_prfgr2c8,region_iii_central_luzon,pampanga,san_roque,fish_gusaw,2,8,neg,≥32,r,≤2,s,,s,≤4,s,≤2,s,≤0.25,s,,s,1,s,≤1,s,,s,≤0.25,s,≤2,s,≤1,s,≤2,s,,,≤0.12,s,≤0.5,s,≤0.12,s,1,s,≤1,s,64,i,≤2,s,≤20,s,1.0,22.0,0.0455,2.0,0.0,0.0,0.0,0.0,0.0,0.0,0.0,0.0,0.0,0.0,0.0,0.0,0.0,0.0,0.0,0.0,0.0,0.0,0.0,1.0,0.0,0.0,1,0,1,23,0.043478260869565216,0.0455
enterobacter_aerogenes,ec_prfgr2c11,region_iii_central_luzon,pampanga,san_roque,fish_gusaw,2,11,,,,≥32,r,,s,≥64,r,32,r,0.5,s,,s,4,i,≤1,s,,s,≤0.25,s,≤2,s,≤1,s,≤2,s,,,≤0.12,s,≤0.5,s,≤0.12,s,4,s,4,s,64,i,8,s,≤20,s,3.0,20.0,0.15,2.0,2.0,0.0,2.0,2.0,0.0,0.0,1.0,0.0,0.0,0.0,0.0,0.0,0.0,0.0,0.0,0.0,0.0,0.0,0.0,1.0,0.0,0.0,1,0,4,23,0.17391304347826086,0.15
enterobacter_cloacae_complex,ec_prfgr3c1,region_iii_central_luzon,pampanga,san_roque,fish_gusaw,3,1,,,,8,r,,,16,r,16,r,0.5,s,,s,2,s,≤1,s,,s,≤0.25,s,≤2,s,≤1,s,≤2,s,,,≤0.12,s,≤0.5,s,≤0.12,s,2,s,2,s,32,s,4,s,≤20,s,3.0,20.0,0.15,2.0,2.0,0.0,2.0,2.0,0.0,0.0,0.0,0.0,0.0,0.0,0.0,0.0,0.0,0.0,0.0,0.0,0.0,0.0,0.0,0.0,0.0,0.0,1,0,4,23,0.17391304347826086,0.15
enterobacter_cloacae_complex,ec_prfgr3c6,region_iii_central_luzon,pampanga,san_roque,fish_gusaw,3,6,,,,4,r,,,≥64,r,16,r,0.5,s,,s,2,s,2,s,,s,≤0.25,s,≤2,s,≤1,s,≤2,s,,,≤0.12,s,≤0.5,s,≤0.12,s,2,s,≤1,s,64,i,4,s,≤20,s,3.0,20.0,0.15,2.0,2.0,0.0,2.0,2.0,0.0,0.0,0.0,0.0,0.0,0.0,0.0,0.0,0.0,0.0,0.0,0.0,0.0,0.0,0.0,1.0,0.0,0.0,1,0,4,23,0.17391304347826086,0.15
enterobacter_cloacae_complex,ec_prfgr3c10,region_iii_central_luzon,pampanga,san_roque,fish_gusaw,3,10,,,,4,r,,,16,r,32,r,0.5,s,,s,2,s,≤1,s,,s,≤0.25,s,≤2,s,≤1,s,≤2,s,,,≤0.12,s,≤0.5,s,≤0.12,s,2,s,2,s,64,i,4,s,≤20,s,3.0,20.0,0.15,2.0,2.0,0.0,2.0,2.0,0.0,0.0,0.0,0.0,0.0,0.0,0.0,0.0,0.0,0.0,0.0,0.0,0.0,0.0,0.0,1.0,0.0,0.0,1,0,4,23,0.17391304347826086,0.15
enterobacter_cloacae_complex,ec_prfgr3c17,region_iii_central_luzon,pampanga,san_roque,fish_gusaw,3,17,,,,4,r,,,16,r,32,r,0.5,s,,s,2,s,2,s,,s,≤0.25,s,≤2,s,≤1,s,≤2,s,,,≤0.12,s,≤0.5,s,≤0.12,s,2,s,2,s,64,i,8,s,≤20,s,3.0,20.0,0.15,2.0,2.0,0.0,2.0,2.0,0.0,0.0,0.0,0.0,0.0,0.0,0.0,0.0,0.0,0.0,0.0,0.0,0.0,0.0,0.0,1.0,0.0,0.0,1,0,4,23,0.17391304347826086,0.15
enterobacter_cloacae_complex,ec_prfgr3c20,region_iii_central_luzon,pampanga,san_roque,fish_gusaw,3,20,,,,4,r,,,≥64,r,16,r,0.5,s,,s,2,s,4,i,,s,≤0.25,s,≤2,s,≤1,s,≤2,s,,,≤0.12,s,≤0.5,s,≤0.12,s,2,s,2,s,64,i,4,s,≤20,s,3.0,20.0,0.15,2.0,2.0,0.0,2.0,2.0,0.0,0.0,0.0,1.0,0.0,0.0,0.0,0.0,0.0,0.0,0.0,0.0,0.0,0.0,0.0,1.0,0.0,0.0,1,0,4,23,0.17391304347826086,0.15
salmonella_group,salprdwr1c3,region_iii_central_luzon,pampanga,san_roque,drinking_water,1,3,,≤2,s,≤2,s,,s,≤4,r,≤2,r,≤0.25,s,,s,≤0.5,s,≤1,s,,s,≤0.25,s,≤2,r,≤1,r,≤2,s,,,0.25,s,≤0.5,s,≤0.12,s,4,s,≤1,s,≤16,s,≤2,s,≤20,s,4.0,22.0,0.1818,0.0,0.0,0.0,2.0,2.0,0.0,0.0,0.0,0.0,0.0,0.0,2.0,2.0,0.0,0.0,0.0,0.0,0.0,0.0,0.0,0.0,0.0,0.0,2,0,4,23,0.17391304347826086,0.1818
escherichia_coli,salprdwr2c5,region_iii_central_luzon,pampanga,san_roque,drinking_water,2,5,neg,16,r,≤2,s,,s,≤64,r,4,s,≤0.25,s,,s,≤0.5,s,≥8,r,,s,≤0.25,s,≤2,s,≤1,s,≤2,s,,,1,i,≤0.5,s,0.25,s,≥16,r,≥16,r,≤16,s,32,r,≥320,r,7.0,22.0,0.3182,2.0,0.0,0.0,2.0,0.0,0.0,0.0,0.0,2.0,0.0,0.0,0.0,0.0,0.0,0.0,1.0,0.0,0.0,2.0,2.0,0.0,2.0,2.0,3,1,7,23,0.30434782608695654,0.3182
salmonella_group,salprdwr3c10,region_iii_central_luzon,pampanga,san_roque,drinking_water,3,10,,≤2,s,≤2,s,,s,≤4,r,≤2,r,≤0.25,s,,s,≤0.5,s,≤1,s,,s,≤0.25,s,≤2,r,≤1,r,≤2,s,,,0.25,s,≤0.5,s,≤0.12,s,1,s,≤1,s,≤16,s,≤2,s,≤20,s,4.0,22.0,0.1818,0.0,0.0,0.0,2.0,2.0,0.0,0.0,0.0,0.0,0.0,0.0,2.0,2.0,0.0,0.0,0.0,0.0,0.0,0.0,0.0,0.0,0.0,0.0,2,0,4,23,0.17391304347826086,0.1818
escherichia_coli,salprdwr3c15,region_iii_central_luzon,pampanga,san_roque,drinking_water,3,15,neg,8,s,≤2,s,,s,≤4,s,4,s,≤0.25,s,,s,≤0.5,s,≤1,s,,s,≤0.25,s,≤2,s,≤1,s,≤2,s,,,1,i,≤0.5,s,0.25,s,≥16,r,≥16,r,≤16,s,32,r,≥320,r,4.0,22.0,0.1818,0.0,0.0,0.0,0.0,0.0,0.0,0.0,0.0,0.0,0.0,0.0,0.0,0.0,0.0,0.0,1.0,0.0,0.0,2.0,2.0,0.0,2.0,2.0,2,0,4,23,0.17391304347826086,0.1818
salmonella_group,sgprdwr1c6,region_iii_central_luzon,pampanga,san_roque,drinking_water,1,6,,≤2,s,≤2,s,,s,≤4,r,≤2,r,≤0.25,s,,s,≤0.5,s,≤1,s,,s,≤0.25,s,≤2,r,≤1,r,≤2,s,,,≤0.12,s,≤0.5,s,≤0.12,s,1,s,≤1,s,≤16,s,≤2,s,≤20,s,4.0,22.0,0.1818,0.0,0.0,0.0,2.0,2.0,0.0,0.0,0.0,0.0,0.0,0.0,2.0,2.0,0.0,0.0,0.0,0.0,0.0,0.0,0.0,0.0,0.0,0.0,2,0,4,23,0.17391304347826086,0.1818
salmonella_group,sgprdwr1c10,region_iii_central_luzon,pampanga,san_roque,drinking_water,1,10,,≤2,s,≤2,s,,s,≤4,r,≤2,r,≤0.25,s,,s,≤0.5,s,≥8,r,,s,≤0.25,s,≤2,r,≤1,r,≤2,s,,,≤0.12,s,≤0.5,s,≤0.12,s,1,s,≤1,s,≤16,s,≤2,s,≤20,s,5.0,22.0,0.2273,0.0,0.0,0.0,2.0,2.0,0.0,0.0,0.0,2.0,0.0,0.0,2.0,2.0,0.0,0.0,0.0,0.0,0.0,0.0,0.0,0.0,0.0,0.0,2,0,5,23,0.21739130434782608,0.2273
salmonella_group,sgprdwr2c5,region_iii_central_luzon,pampanga,san_roque,drinking_water,2,5,,≤2,s,≤2,s,,s,≤4,r,≤2,r,≤0.25,s,,s,≤0.5,s,≤1,s,,s,≤0.25,s,≤2,r,≤1,r,≤2,s,,,≤0.12,s,≤0.5,s,≤0.12,s,1,s,≤1,s,≤16,s,≤2,s,≤20,s,4.0,22.0,0.1818,0.0,0.0,0.0,2.0,2.0,0.0,0.0,0.0,0.0,0.0,0.0,2.0,2.0,0.0,0.0,0.0,0.0,0.0,0.0,0.0,0.0,0.0,0.0,2,0,4,23,0.17391304347826086,0.1818
salmonella_group,sgprdwr2c9,region_iii_central_luzon,pampanga,san_roque,drinking_water,2,9,,≤2,s,≤2,s,,s,≤4,r,≤2,r,≤0.25,s,,s,≤0.5,s,2,s,,s,≤0.25,s,≤2,r,≤1,r,≤2,s,,,≤0.12,s,≤0.5,s,≤0.12,s,1,s,≤1,s,≤16,s,≤2,s,≤20,s,4.0,22.0,0.1818,0.0,0.0,0.0,2.0,2.0,0.0,0.0,0.0,0.0,0.0,0.0,2.0,2.0,0.0,0.0,0.0,0.0,0.0,0.0,0.0,0.0,0.0,0.0,2,0,4,23,0.17391304347826086,0.1818
salmonella_group,sgprdwr3c8,region_iii_central_luzon,pampanga,san_roque,drinking_water,3,8,,≤2,s,≤2,s,,s,≤4,r,≤2,r,≤0.25,s,,s,≤0.5,s,≥8,r,,s,≤0.25,s,≤2,r,≤1,r,≤2,s,,,≤0.12,s,≤0.5,s,≤0.12,s,1,s,≤1,s,≤16,s,≤2,s,≤20,s,5.0,22.0,0.2273,0.0,0.0,0.0,2.0,2.0,0.0,0.0,0.0,2.0,0.0,0.0,2.0,2.0,0.0,0.0,0.0,0.0,0.0,0.0,0.0,0.0,0.0,0.0,2,0,5,23,0.21739130434782608,0.2273
salmonella_group,sgprdwr3c9,region_iii_central_luzon,pampanga,san_roque,drinking_water,3,9,,≤2,s,≤2,s,,s,≤4,r,≤2,r,≤0.25,s,,s,≤0.5,s,2,s,,s,≤0.25,s,≤2,r,≤1,r,≤2,s,,,≤0.12,s,≤0.5,s,≤0.12,s,1,s,≤1,s,≤16,s,≤2,s,≤20,s,4.0,22.0,0.1818,0.0,0.0,0.0,2.0,2.0,0.0,0.0,0.0,0.0,0.0,0.0,2.0,2.0,0.0,0.0,0.0,0.0,0.0,0.0,0.0,0.0,0.0,0.0,2,0,4,23,0.17391304347826086,0.1818
salmonella_group,salprrwr2c7,region_iii_central_luzon,pampanga,san_roque,river_water,2,7,,≤2,s,≤2,s,,s,≤4,r,≤2,r,≤0.25,s,,s,2,s,≥8,r,,s,≤0.25,s,≤2,r,≤1,r,≤2,s,,,≤0.12,s,≤0.5,s,≤0.12,s,1,s,≤1,s,≤16,s,≤2,s,≤20,s,5.0,22.0,0.2273,0.0,0.0,0.0,2.0,2.0,0.0,0.0,0.0,2.0,0.0,0.0,2.0,2.0,0.0,0.0,0.0,0.0,0.0,0.0,0.0,0.0,0.0,0.0,2,0,5,23,0.21739130434782608,0.2273
escherichia_coli,salprrwr2c9,region_iii_central_luzon,pampanga,san_roque,river_water,2,9,neg,8,r,≤2,s,,s,32,r,4,s,≤0.25,s,,s,1,s,≤1,s,,s,≤0.25,s,≤2,s,≤1,s,≤2,s,,,1,i,≤0.5,s,0.25,s,≥16,r,≥16,r,≤16,s,32,r,≥320,r,6.0,22.0,0.2727,2.0,0.0,0.0,2.0,0.0,0.0,0.0,0.0,0.0,0.0,0.0,0.0,0.0,0.0,0.0,1.0,0.0,0.0,2.0,2.0,0.0,2.0,2.0,3,1,6,23,0.2608695652173913,0.2727
escherichia_coli,salprrwr3c8,region_iii_central_luzon,pampanga,san_roque,river_water,3,8,neg,4,s,≤2,s,,s,≤4,s,4,s,≤0.25,s,,s,≤0.5,s,≤1,s,,s,≤0.25,s,≤2,s,≤1,s,≤2,s,,,1,i,≤0.5,s,0.25,s,≥16,r,≥16,r,≤16,s,32,r,≥320,r,4.0,22.0,0.1818,0.0,0.0,0.0,0.0,0.0,0.0,0.0,0.0,0.0,0.0,0.0,0.0,0.0,0.0,0.0,1.0,0.0,0.0,2.0,2.0,0.0,2.0,2.0,2,0,4,23,0.17391304347826086,0.1818
escherichia_coli,salprrwr3c10,region_iii_central_luzon,pampanga,san_roque,river_water,3,10,neg,4,s,≤2,s,,s,≤4,s,4,s,≤0.25,s,,s,≤0.5,s,2,s,,s,≤0.25,s,≤2,s,≤1,s,≤2,s,,,1,i,≤0.5,s,0.25,s,≥16,r,≥16,r,≤16,s,≥64,r,≥320,r,4.0,22.0,0.1818,0.0,0.0,0.0,0.0,0.0,0.0,0.0,0.0,0.0,0.0,0.0,0.0,0.0,0.0,0.0,1.0,0.0,0.0,2.0,2.0,0.0,2.0,2.0,2,0,4,23,0.17391304347826086,0.1818
escherichia_coli,sgprfgr3c1,region_iii_central_luzon,pampanga,san_roque,fish_gusaw,3,1,,≤2,r,≤2,s,,s,≤64,r,4,s,≤0.25,s,,s,≤0.5,s,2,s,,s,≤0.25,s,≤2,s,≤1,s,≤2,s,,,0.25,s,≤0.5,s,≤0.12,s,≥16,r,≥16,r,≤16,s,4,s,≤20,s,4.0,22.0,0.1818,2.0,0.0,0.0,2.0,0.0,0.0,0.0,0.0,0.0,0.0,0.0,0.0,0.0,0.0,0.0,0.0,0.0,0.0,2.0,2.0,0.0,0.0,0.0,2,0,4,23,0.17391304347826086,0.1818
enterobacter_cloacae_complex,vcprdwr2c6,region_iii_central_luzon,pampanga,san_roque,drinking_water,2,6,neg,>=32,r,<=2,r,,s,>=64,r,8,i,<=0.25,s,,s,1,s,4,i,,s,<=0.25,s,<=2,s,<=1,s,<=2,s,,,1,s,<=0.5,s,<=0.12,s,8,s,>=16,s,<=16,s,4,i,<=0.20,s,3.0,22.0,0.1364,2.0,2.0,0.0,2.0,1.0,0.0,0.0,0.0,1.0,0.0,0.0,0.0,0.0,0.0,0.0,0.0,0.0,0.0,0.0,0.0,0.0,1.0,0.0,1,0,3,23,0.13043478260869565,0.1364
escherichia_coli,vcprrwr1c3,region_iii_central_luzon,pampanga,san_roque,river_water,1,3,pos,>=32,r,16,i,,r,>=64,r,>=64,r,>=8,r,,,>=8,r,>=8,r,,s,<=0.25,s,<=2,s,>=16,r,<=2,s,,,>=4,r,>=4,r,>=4,r,>=16,r,>=16,r,32,s,>=64,r,>=320,r,15.0,21.0,0.7143,2.0,1.0,2.0,2.0,2.0,2.0,0.0,2.0,2.0,0.0,0.0,0.0,2.0,0.0,0.0,2.0,2.0,2.0,2.0,2.0,0.0,2.0,2.0,5,1,15,23,0.6521739130434783,0.7143
escherichia_coli,vcprrwr1c6,region_iii_central_luzon,pampanga,san_roque,river_water,1,6,neg,<=2,s,<=2,s,,s,<=4,s,<=2,s,<=0.25,s,,s,<=0.5,s,4,i,,s,<=0.25,s,<=2,s,<=1,s,<=2,s,,,0.5,s,<=0.5,s,<=0.12,s,2,s,<=1,s,<=16,s,4,s,<=20,s,0.0,22.0,0.0,0.0,0.0,0.0,0.0,0.0,0.0,0.0,0.0,1.0,0.0,0.0,0.0,0.0,0.0,0.0,0.0,0.0,0.0,0.0,0.0,0.0,0.0,0.0,0,0,0,23,0.0,0.0
escherichia_coli,vcprrwr1c7,region_iii_central_luzon,pampanga,san_roque,river_water,1,7,neg,>=32,r,4,s,,s,<=4,s,4,s,<=0.25,s,,s,<=0.5,s,2,i,,s,<=0.25,s,<=2,s,<=1,s,<=2,s,,,<=0.12,s,<=0.5,s,<=0.12,s,8,i,>=16,r,<=16,s,8,s,<=20,s,2.0,22.0,0.0909,2.0,0.0,0.0,0.0,0.0,0.0,0.0,0.0,1.0,0.0,0.0,0.0,0.0,0.0,0.0,0.0,0.0,0.0,1.0,2.0,0.0,0.0,0.0,2,0,2,23,0.08695652173913043,0.0909
enterobacter_cloacae_complex,vcprrwr3c8,region_iii_central_luzon,pampanga,san_roque,river_water,3,8,neg,,,4,r,,,>=64,r,16,r,0.5,s,,s,2,s,4,i,,s,<=0.25,s,<=2,s,<=1,s,<=2,s,,,<=0.12,s,<=0.5,s,<=0.12,s,2,s,<=1,s,64,i,8,s,<=20,s,3.0,20.0,0.15,2.0,2.0,0.0,2.0,2.0,0.0,0.0,0.0,1.0,0.0,0.0,0.0,0.0,0.0,0.0,0.0,0.0,0.0,0.0,0.0,1.0,0.0,0.0,1,0,4,23,0.17391304347826086,0.15
escherichia_coli,vcprftr1c5,region_iii_central_luzon,pampanga,san_roque,fish_tilapia,1,5,neg,>=32,r,<=2,s,,s,>=64,r,4,s,<=0.25,s,,s,>=8,r,4,i,,s,<=0.25,s,<=2,s,<=1,s,<=2,s,,,1,i,<=0.5,s,<=0.12,s,1,s,<=1,s,<=16,s,8,s,<=20,s,3.0,22.0,0.1364,2.0,0.0,0.0,2.0,0.0,0.0,0.0,2.0,1.0,0.0,0.0,0.0,0.0,0.0,0.0,1.0,0.0,0.0,0.0,0.0,0.0,0.0,0.0,1,0,3,23,0.13043478260869565,0.1364
escherichia_coli,vcprftr1c6,region_iii_central_luzon,pampanga,san_roque,fish_tilapia,1,6,neg,>=32,r,<=2,s,,s,>=64,r,8,s,<=0.25,s,,s,1,s,4,i,,s,<=0.25,s,<=2,s,<=1,s,<=2,s,,,1,i,<=0.5,s,<=0.12,s,8,i,>=16,r,<=16,s,4,s,<=20,s,3.0,22.0,0.1364,2.0,0.0,0.0,2.0,0.0,0.0,0.0,0.0,1.0,0.0,0.0,0.0,0.0,0.0,0.0,1.0,0.0,0.0,1.0,2.0,0.0,0.0,0.0,2,0,3,23,0.13043478260869565,0.1364
escherichia_coli,vcprftr1c7,region_iii_central_luzon,pampanga,san_roque,fish_tilapia,1,7,neg,4*,r,<=2,s,,s,>=64,r,4,s,<=0.25,s,,s,<=0.5,s,4,i,,s,<=0.25,s,<=2,s,<=1,s,<=2,s,,,<=0.12,s,<=0.5,s,<=0.12,s,1,s,<=1,s,<=16,s,8,s,<=20,s,2.0,22.0,0.0909,2.0,0.0,0.0,2.0,0.0,0.0,0.0,0.0,1.0,0.0,0.0,0.0,0.0,0.0,0.0,0.0,0.0,0.0,0.0,0.0,0.0,0.0,0.0,1,0,2,23,0.08695652173913043,0.0909
escherichia_coli,vcprftr1c9,region_iii_central_luzon,pampanga,san_roque,fish_tilapia,1,9,neg,>=32,r,<=2,s,,s,>=64,r,4,s,<=0.25,s,,s,<=0.5,s,4,i,,s,<=0.25,s,<=2,s,<=1,s,<=2,s,,,1,i,<=0.5,s,<=0.12,s,1,s,<=1,s,<=16,s,8,s,<=20,s,2.0,22.0,0.0909,2.0,0.0,0.0,2.0,0.0,0.0,0.0,0.0,1.0,0.0,0.0,0.0,0.0,0.0,0.0,1.0,0.0,0.0,0.0,0.0,0.0,0.0,0.0,1,0,2,23,0.08695652173913043,0.0909
escherichia_coli,vcprftr1c10,region_iii_central_luzon,pampanga,san_roque,fish_tilapia,1,10,neg,<=2*,r,<=2,s,,s,>=64,r,4,s,<=0.25,s,,s,<=0.5,s,2,i,,s,<=0.25,s,<=2,s,<=1,s,<=2,s,,,<=0.12,s,<=0.5,s,<=0.12,s,1,s,<=1,s,<=16,s,8,s,<=20,s,2.0,22.0,0.0909,2.0,0.0,0.0,2.0,0.0,0.0,0.0,0.0,1.0,0.0,0.0,0.0,0.0,0.0,0.0,0.0,0.0,0.0,0.0,0.0,0.0,0.0,0.0,1,0,2,23,0.08695652173913043,0.0909
enterobacter_cloacae_complex,ec_oadwr1c3,region_viii_eastern_visayas,ormoc,alegria,drinking_water,1,3,,,,≥32,r,,,≥64,r,≥64,r,0.5,s,,s,1,s,<=1,s,,s,2,i,<=2,s,<=1,s,<=2,s,,,1,i,<=0.5,s,1,i,1,s,<=1,s,32,s,4,s,<=20,s,3.0,20.0,0.15,2.0,2.0,0.0,2.0,2.0,0.0,0.0,0.0,0.0,0.0,1.0,0.0,0.0,0.0,0.0,1.0,0.0,1.0,0.0,0.0,0.0,0.0,0.0,1,0,4,23,0.17391304347826086,0.15
enterobacter_cloacae_complex,ec_oadwr1c4,region_viii_eastern_visayas,ormoc,alegria,drinking_water,1,4,,,,≥32,r,,,≥64,r,≥64,r,0.5,s,,s,1,s,<=1,s,,s,2,i,<=2,s,<=1,s,<=2,s,,,1,i,<=0.5,s,1,i,1,s,<=1,s,32,s,4,s,<=20,s,3.0,20.0,0.15,2.0,2.0,0.0,2.0,2.0,0.0,0.0,0.0,0.0,0.0,1.0,0.0,0.0,0.0,0.0,1.0,0.0,1.0,0.0,0.0,0.0,0.0,0.0,1,0,4,23,0.17391304347826086,0.15
klebsiella_pneumoniae_ssp_pneumoniae,ec_oadwr1c5,region_viii_eastern_visayas,ormoc,alegria,drinking_water,1,5,neg,16,r,≤2,s,,s,≤4,s,≤2,s,≤0.25,s,,s,<=0.5,s,<=1,s,,s,<=0.25,s,<=2,s,<=1,s,<=2,s,,,<=0.12,s,<=0.5,s,<=0.12,s,1,s,<=1,s,<=16,s,<=2,s,<=20,s,1.0,22.0,0.0455,2.0,0.0,0.0,0.0,0.0,0.0,0.0,0.0,0.0,0.0,0.0,0.0,0.0,0.0,0.0,0.0,0.0,0.0,0.0,0.0,0.0,0.0,0.0,1,0,1,23,0.043478260869565216,0.0455
klebsiella_pneumoniae_ssp_pneumoniae,ec_oadwr1c6,region_viii_eastern_visayas,ormoc,alegria,drinking_water,1,6,neg,≥32,r,≤2,s,,s,≤4,s,≤2,s,≤0.25,s,,s,<=0.5,s,<=1,s,,s,<=0.25,s,<=2,s,<=1,s,<=2,s,,,<=0.12,s,<=0.5,s,<=0.12,s,1,s,<=1,s,64,i,<=2,s,<=20,s,1.0,22.0,0.0455,2.0,0.0,0.0,0.0,0.0,0.0,0.0,0.0,0.0,0.0,0.0,0.0,0.0,0.0,0.0,0.0,0.0,0.0,0.0,0.0,1.0,0.0,0.0,1,0,1,23,0.043478260869565216,0.0455
klebsiella_pneumoniae_ssp_pneumoniae,ec_oadwr1c9,region_viii_eastern_visayas,ormoc,alegria,drinking_water,1,9,neg,≥32,r,≤2,s,,s,≤4,s,≤2,s,≤0.25,s,,s,<=0.5,s,<=1,s,,s,<=0.25,s,<=2,s,<=1,s,<=2,s,,,<=0.12,s,<=0.5,s,<=0.12,s,1,s,<=1,s,32,s,<=2,s,<=20,s,1.0,22.0,0.0455,2.0,0.0,0.0,0.0,0.0,0.0,0.0,0.0,0.0,0.0,0.0,0.0,0.0,0.0,0.0,0.0,0.0,0.0,0.0,0.0,0.0,0.0,0.0,1,0,1,23,0.043478260869565216,0.0455
escherichia_coli,ec_oarwr1c3,region_viii_eastern_visayas,ormoc,alegria,river_water,1,3,neg,≤2,s,≤2,s,,s,≤4,s,4,s,≤0.25,s,,s,<=0.5,s,<=1,s,,s,<=0.25,s,<=2,s,<=1,s,<=2,s,,,<=0.12,s,<=0.5,s,<=0.12,s,1,s,<=1,s,<=16,s,4,s,<=20,s,0.0,22.0,0.0,0.0,0.0,0.0,0.0,0.0,0.0,0.0,0.0,0.0,0.0,0.0,0.0,0.0,0.0,0.0,0.0,0.0,0.0,0.0,0.0,0.0,0.0,0.0,0,0,0,23,0.0,0.0
klebsiella_pneumoniae_ssp_pneumoniae,ec_oarwr1c7,region_viii_eastern_visayas,ormoc,alegria,river_water,1,7,neg,16,r,≤2,s,,s,≤4,s,≤2,s,≤0.25,s,,s,<=0.5,s,<=1,s,,s,<=0.25,s,<=2,s,<=1,s,<=2,s,,,<=0.12,s,<=0.5,s,<=0.12,s,1,s,<=1,s,<=16,s,<=2,s,<=20,s,1.0,22.0,0.0455,2.0,0.0,0.0,0.0,0.0,0.0,0.0,0.0,0.0,0.0,0.0,0.0,0.0,0.0,0.0,0.0,0.0,0.0,0.0,0.0,0.0,0.0,0.0,1,0,1,23,0.043478260869565216,0.0455
klebsiella_pneumoniae_ssp_pneumoniae,ec_oarwr1c8,region_viii_eastern_visayas,ormoc,alegria,river_water,1,8,neg,≥32,r,≤2,s,,s,≤4,s,≤2,s,≤0.25,s,,s,<=0.5,s,<=1,s,,s,<=0.25,s,<=2,s,<=1,s,<=2,s,,,<=0.12,s,<=0.5,s,<=0.12,s,1,s,<=1,s,64,i,4,s,<=20,s,1.0,22.0,0.0455,2.0,0.0,0.0,0.0,0.0,0.0,0.0,0.0,0.0,0.0,0.0,0.0,0.0,0.0,0.0,0.0,0.0,0.0,0.0,0.0,1.0,0.0,0.0,1,0,1,23,0.043478260869565216,0.0455
escherichia_coli,ec_oarwr1c9,region_viii_eastern_visayas,ormoc,alegria,river_water,1,9,neg,8,s,≤2,s,,s,8,s,4,s,≤0.25,s,,s,1,s,<=1,s,,s,<=0.25,s,<=2,s,<=1,s,<=2,s,,,<=0.12,s,<=0.5,s,<=0.12,s,1,s,<=1,s,<=16,s,4,s,<=20,s,0.0,22.0,0.0,0.0,0.0,0.0,0.0,0.0,0.0,0.0,0.0,0.0,0.0,0.0,0.0,0.0,0.0,0.0,0.0,0.0,0.0,0.0,0.0,0.0,0.0,0.0,0,0,0,23,0.0,0.0
enterobacter_cloacae_complex,ec_oarwr1c10,region_viii_eastern_visayas,ormoc,alegria,river_water,1,10,,,,≥32,r,,,≥64,r,≥64,r,≤0.25,s,,s,1,s,<=1,s,,s,<=0.25,s,<=2,s,<=1,s,<=2,s,,,<=0.12,s,<=0.5,s,<=0.12,s,1,s,<=1,s,<=16,s,4,s,<=20,s,3.0,19.0,0.1579,2.0,2.0,0.0,2.0,2.0,0.0,0.0,0.0,0.0,0.0,0.0,0.0,0.0,0.0,0.0,0.0,0.0,0.0,0.0,0.0,0.0,0.0,0.0,1,0,4,23,0.17391304347826086,0.1579
enterobacter_cloacae_complex,ec_oarwr2c3,region_viii_eastern_visayas,ormoc,alegria,river_water,2,3,,,,16,r,,,≥64,r,≥64,r,≤0.25,s,,s,<=0.5,s,<=1,s,,s,<=0.25,s,<=2,s,<=1,s,<=2,s,,,<=0.12,s,<=0.5,s,<=0.12,s,1,s,<=1,s,<=16,s,4,s,<=20,s,3.0,19.0,0.1579,2.0,2.0,0.0,2.0,2.0,0.0,0.0,0.0,0.0,0.0,0.0,0.0,0.0,0.0,0.0,0.0,0.0,0.0,0.0,0.0,0.0,0.0,0.0,1,0,4,23,0.17391304347826086,0.1579
klebsiella_pneumoniae_ssp_pneumoniae,ec_oarwr2c5,region_viii_eastern_visayas,ormoc,alegria,river_water,2,5,neg,≥32,r,≤2,s,,s,≤4,s,≤2,s,≤0.25,s,,s,1,s,<=1,s,,s,0.5,s,<=2,s,<=1,s,<=2,s,,,<=0.12,s,<=0.5,s,<=0.12,s,1,s,<=1,s,32,s,<=2,s,<=20,s,1.0,22.0,0.0455,2.0,0.0,0.0,0.0,0.0,0.0,0.0,0.0,0.0,0.0,0.0,0.0,0.0,0.0,0.0,0.0,0.0,0.0,0.0,0.0,0.0,0.0,0.0,1,0,1,23,0.043478260869565216,0.0455
klebsiella_pneumoniae_ssp_pneumoniae,ec_oarwr3c1,region_viii_eastern_visayas,ormoc,alegria,river_water,3,1,neg,≥32,r,≤2,s,,s,≤4,s,≤2,s,≤0.25,s,,s,1,s,<=1,s,,s,0.5,s,<=2,s,<=1,s,<=2,s,,,<=0.12,s,<=0.5,s,<=0.12,s,1,s,<=1,s,64,i,<=2,s,<=20,s,1.0,22.0,0.0455,2.0,0.0,0.0,0.0,0.0,0.0,0.0,0.0,0.0,0.0,0.0,0.0,0.0,0.0,0.0,0.0,0.0,0.0,0.0,0.0,1.0,0.0,0.0,1,0,1,23,0.043478260869565216,0.0455
escherichia_coli,ec_oarwr3c9,region_viii_eastern_visayas,ormoc,alegria,river_water,3,9,neg,≤2,s,≤2,s,,s,8,s,4,s,≤0.25,s,,s,<=0.5,s,<=1,s,,s,<=0.25,s,<=2,s,<=1,s,<=2,s,,,<=0.12,s,<=0.5,s,<=0.12,s,1,s,<=1,s,<=16,s,4,s,<=20,s,0.0,22.0,0.0,0.0,0.0,0.0,0.0,0.0,0.0,0.0,0.0,0.0,0.0,0.0,0.0,0.0,0.0,0.0,0.0,0.0,0.0,0.0,0.0,0.0,0.0,0.0,0,0,0,23,0.0,0.0
escherichia_coli,ec_oarwr3c10,region_viii_eastern_visayas,ormoc,alegria,river_water,3,10,neg,≤2,s,≤2,s,,s,8,s,4,s,≤0.25,s,,s,<=0.5,s,<=1,s,,s,<=0.25,s,<=2,s,<=1,s,<=2,s,,,<=0.12,s,<=0.5,s,<=0.12,s,≥16,r,≥16,r,<=16,s,4,s,<=20,s,2.0,22.0,0.0909,0.0,0.0,0.0,0.0,0.0,0.0,0.0,0.0,0.0,0.0,0.0,0.0,0.0,0.0,0.0,0.0,0.0,0.0,2.0,2.0,0.0,0.0,0.0,1,0,2,23,0.08695652173913043,0.0909
klebsiella_pneumoniae_ssp_pneumoniae,ec_oafbr1c11,region_viii_eastern_visayas,ormoc,alegria,fish_banak,1,11,neg,≥32,r,4,s,,s,≤4,s,≤2,s,≤0.25,s,,s,1,s,<=1,s,,s,0.5,s,<=2,s,<=1,s,<=2,s,,,<=0.12,s,<=0.5,s,<=0.12,s,1,s,<=1,s,64,i,<=2,s,<=20,s,1.0,22.0,0.0455,2.0,0.0,0.0,0.0,0.0,0.0,0.0,0.0,0.0,0.0,0.0,0.0,0.0,0.0,0.0,0.0,0.0,0.0,0.0,0.0,1.0,0.0,0.0,1,0,1,23,0.043478260869565216,0.0455
klebsiella_pneumoniae_ssp_pneumoniae,ec_oafbr1c18,region_viii_eastern_visayas,ormoc,alegria,fish_banak,1,18,neg,≥32,r,≤2,s,,s,≤4,s,≤2,s,≤0.25,s,,s,1,s,<=1,s,,s,<=0.25,s,<=2,s,<=1,s,<=2,s,,,<=0.12,s,<=0.5,s,<=0.12,s,1,s,<=1,s,32,s,<=2,s,<=20,s,1.0,22.0,0.0455,2.0,0.0,0.0,0.0,0.0,0.0,0.0,0.0,0.0,0.0,0.0,0.0,0.0,0.0,0.0,0.0,0.0,0.0,0.0,0.0,0.0,0.0,0.0,1,0,1,23,0.043478260869565216,0.0455
klebsiella_pneumoniae_ssp_pneumoniae,ec_oafbr2c5,region_viii_eastern_visayas,ormoc,alegria,fish_banak,2,5,neg,≥32,r,≤2,s,,s,≤4,s,≤2,s,≤0.25,s,,s,1,s,<=1,s,,s,<=0.25,s,<=2,s,<=1,s,<=2,s,,,<=0.12,s,<=0.5,s,<=0.12,s,1,s,<=1,s,32,s,<=2,s,<=20,s,1.0,22.0,0.0455,2.0,0.0,0.0,0.0,0.0,0.0,0.0,0.0,0.0,0.0,0.0,0.0,0.0,0.0,0.0,0.0,0.0,0.0,0.0,0.0,0.0,0.0,0.0,1,0,1,23,0.043478260869565216,0.0455
klebsiella_pneumoniae_ssp_pneumoniae,ec_oafbr2c8,region_viii_eastern_visayas,ormoc,alegria,fish_banak,2,8,neg,16,r,≤2,s,,s,≤4,s,≤2,s,≤0.25,s,,s,<=0.5,s,<=1,s,,s,<=0.25,s,<=2,s,<=1,s,<=2,s,,,<=0.12,s,<=0.5,s,<=0.12,s,1,s,<=1,s,32,s,<=2,s,<=20,s,1.0,22.0,0.0455,2.0,0.0,0.0,0.0,0.0,0.0,0.0,0.0,0.0,0.0,0.0,0.0,0.0,0.0,0.0,0.0,0.0,0.0,0.0,0.0,0.0,0.0,0.0,1,0,1,23,0.043478260869565216,0.0455
escherichia_coli,ec_oafbr2c14,region_viii_eastern_visayas,ormoc,alegria,fish_banak,2,14,neg,≥32,r,4,s,,s,8,s,4,s,≤0.25,s,,s,<=0.5,s,<=1,s,,s,<=0.25,s,<=2,s,<=1,s,<=2,s,,,0.5,s,<=0.5,s,0.25,s,≥16,r,≥16,r,<=16,s,≥64,r,<=20,s,4.0,22.0,0.1818,2.0,0.0,0.0,0.0,0.0,0.0,0.0,0.0,0.0,0.0,0.0,0.0,0.0,0.0,0.0,0.0,0.0,0.0,2.0,2.0,0.0,2.0,0.0,3,1,4,23,0.17391304347826086,0.1818
klebsiella_pneumoniae_ssp_pneumoniae,ec_oafbr2c15,region_viii_eastern_visayas,ormoc,alegria,fish_banak,2,15,neg,≥32,r,≤2,s,,s,≤4,s,≤2,s,≤0.25,s,,s,<=0.5,s,<=1,s,,s,<=0.25,s,<=2,s,<=1,s,<=2,s,,,<=0.12,s,<=0.5,s,<=0.12,s,1,s,<=1,s,64,i,<=2,s,<=20,s,1.0,22.0,0.0455,2.0,0.0,0.0,0.0,0.0,0.0,0.0,0.0,0.0,0.0,0.0,0.0,0.0,0.0,0.0,0.0,0.0,0.0,0.0,0.0,1.0,0.0,0.0,1,0,1,23,0.043478260869565216,0.0455
escherichia_coli,ec_oafbr3c1,region_viii_eastern_visayas,ormoc,alegria,fish_banak,3,1,neg,≤2,s,≤2,s,,s,≤4,s,4,s,≤0.25,s,,s,<=0.5,s,2,s,,s,<=0.25,s,<=2,s,<=1,s,<=2,s,,,<=0.12,s,<=0.5,s,<=0.12,s,≥16,r,≥16,r,<=16,s,4,s,<=20,s,2.0,22.0,0.0909,0.0,0.0,0.0,0.0,0.0,0.0,0.0,0.0,0.0,0.0,0.0,0.0,0.0,0.0,0.0,0.0,0.0,0.0,2.0,2.0,0.0,0.0,0.0,1,0,2,23,0.08695652173913043,0.0909
klebsiella_pneumoniae_ssp_pneumoniae,ec_oafbr3c2,region_viii_eastern_visayas,ormoc,alegria,fish_banak,3,2,neg,≥32,r,≤2,s,,s,≤4,s,≤2,s,≤0.25,s,,s,1,s,<=1,s,,s,<=0.25,s,<=2,s,<=1,s,<=2,s,,,<=0.12,s,<=0.5,s,<=0.12,s,1,s,<=1,s,64,i,<=2,s,<=20,s,1.0,22.0,0.0455,2.0,0.0,0.0,0.0,0.0,0.0,0.0,0.0,0.0,0.0,0.0,0.0,0.0,0.0,0.0,0.0,0.0,0.0,0.0,0.0,1.0,0.0,0.0,1,0,1,23,0.043478260869565216,0.0455
escherichia_coli,ec_oafbr3c4,region_viii_eastern_visayas,ormoc,alegria,fish_banak,3,4,neg,≤2,s,≤2,s,,s,8,s,4,s,≤0.25,s,,s,<=0.5,s,<=1,s,,s,<=0.25,s,<=2,s,<=1,s,<=2,s,,,<=0.12,s,<=0.5,s,<=0.12,s,1,s,<=1,s,<=16,s,<=2,s,<=20,s,0.0,22.0,0.0,0.0,0.0,0.0,0.0,0.0,0.0,0.0,0.0,0.0,0.0,0.0,0.0,0.0,0.0,0.0,0.0,0.0,0.0,0.0,0.0,0.0,0.0,0.0,0,0,0,23,0.0,0.0
escherichia_coli,ec_oafbr3c6,region_viii_eastern_visayas,ormoc,alegria,fish_banak,3,6,neg,≤2*,r,≤2,s,,s,32,r,4,s,≤0.25,s,,s,<=0.5,s,<=1,s,,s,<=0.25,s,<=2,s,<=1,s,<=2,s,,,<=0.12,s,<=0.5,s,<=0.12,s,8,i,≥16,r,<=16,s,<=2,s,<=20,s,3.0,22.0,0.1364,2.0,0.0,0.0,2.0,0.0,0.0,0.0,0.0,0.0,0.0,0.0,0.0,0.0,0.0,0.0,0.0,0.0,0.0,1.0,2.0,0.0,0.0,0.0,2,0,3,23,0.13043478260869565,0.1364
escherichia_coli,ec_oafbr3c7,region_viii_eastern_visayas,ormoc,alegria,fish_banak,3,7,neg,8,s,4,s,,s,8,s,4,s,0.5,s,,s,1,s,<=1,s,,s,<=0.25,s,<=2,s,<=1,s,<=2,s,,,<=0.12,s,<=0.5,s,<=0.12,s,1,s,<=1,s,<=16,s,8,s,<=20,s,0.0,22.0,0.0,0.0,0.0,0.0,0.0,0.0,0.0,0.0,0.0,0.0,0.0,0.0,0.0,0.0,0.0,0.0,0.0,0.0,0.0,0.0,0.0,0.0,0.0,0.0,0,0,0,23,0.0,0.0
escherichia_coli,ec_oafbr3c8,region_viii_eastern_visayas,ormoc,alegria,fish_banak,3,8,neg,8,s,4,s,,s,8,s,4,s,0.5,s,,s,1,s,<=1,s,,s,<=0.25,s,<=2,s,<=1,s,<=2,s,,,<=0.12,s,<=0.5,s,<=0.12,s,1,s,<=1,s,<=16,s,8,s,<=20,s,0.0,22.0,0.0,0.0,0.0,0.0,0.0,0.0,0.0,0.0,0.0,0.0,0.0,0.0,0.0,0.0,0.0,0.0,0.0,0.0,0.0,0.0,0.0,0.0,0.0,0.0,0,0,0,23,0.0,0.0
klebsiella_pneumoniae_ssp_pneumoniae,ec_oafbr3c16,region_viii_eastern_visayas,ormoc,alegria,fish_banak,3,16,neg,16,r,≤2,s,,s,≤4,s,≤2,s,≤0.25,s,,s,<=0.5,s,<=1,s,,s,<=0.25,s,<=2,s,<=1,s,<=2,s,,,<=0.12,s,<=0.5,s,<=0.12,s,1,s,<=1,s,64,i,<=2,s,<=20,s,1.0,22.0,0.0455,2.0,0.0,0.0,0.0,0.0,0.0,0.0,0.0,0.0,0.0,0.0,0.0,0.0,0.0,0.0,0.0,0.0,0.0,0.0,0.0,1.0,0.0,0.0,1,0,1,23,0.043478260869565216,0.0455
klebsiella_pneumoniae_ssp_pneumoniae,ec_oafbr3c18,region_viii_eastern_visayas,ormoc,alegria,fish_banak,3,18,neg,≥32,r,≤2,s,,s,≤4,s,≤2,s,≤0.25,s,,s,<=0.5,s,<=1,s,,s,<=0.25,s,<=2,s,<=1,s,<=2,s,,,<=0.12,s,<=0.5,s,<=0.12,s,1,s,<=1,s,32,s,<=2,s,<=20,s,1.0,22.0,0.0455,2.0,0.0,0.0,0.0,0.0,0.0,0.0,0.0,0.0,0.0,0.0,0.0,0.0,0.0,0.0,0.0,0.0,0.0,0.0,0.0,0.0,0.0,0.0,1,0,1,23,0.043478260869565216,0.0455
escherichia_coli,ec_oafgr1c1,region_viii_eastern_visayas,ormoc,alegria,fish_gusaw,1,1,neg,4,s,≤2,s,,s,8,s,4,s,≤0.25,s,,s,<=0.5,s,<=1,s,,s,<=0.25,s,<=2,s,<=1,s,<=2,s,,,<=0.12,s,<=0.5,s,<=0.12,s,1,s,<=1,s,<=16,s,4,s,<=20,s,0.0,22.0,0.0,0.0,0.0,0.0,0.0,0.0,0.0,0.0,0.0,0.0,0.0,0.0,0.0,0.0,0.0,0.0,0.0,0.0,0.0,0.0,0.0,0.0,0.0,0.0,0,0,0,23,0.0,0.0
escherichia_coli,ec_oafgr1c2,region_viii_eastern_visayas,ormoc,alegria,fish_gusaw,1,2,neg,4,s,≤2,s,,s,8,s,4,s,≤0.25,s,,s,<=0.5,s,<=1,s,,s,<=0.25,s,<=2,s,<=1,s,<=2,s,,,<=0.12,s,<=0.5,s,<=0.12,s,1,s,<=1,s,<=16,s,16,i,<=20,s,0.0,22.0,0.0,0.0,0.0,0.0,0.0,0.0,0.0,0.0,0.0,0.0,0.0,0.0,0.0,0.0,0.0,0.0,0.0,0.0,0.0,0.0,0.0,0.0,1.0,0.0,0,0,0,23,0.0,0.0
escherichia_coli,ec_oafgr1c6,region_viii_eastern_visayas,ormoc,alegria,fish_gusaw,1,6,neg,4,s,≤2,s,,s,8,s,4,s,≤0.25,s,,s,<=0.5,s,<=1,s,,s,<=0.25,s,<=2,s,<=1,s,<=2,s,,,<=0.12,s,<=0.5,s,<=0.12,s,≥16,r,≥16,r,32,s,4,s,<=20,s,2.0,22.0,0.0909,0.0,0.0,0.0,0.0,0.0,0.0,0.0,0.0,0.0,0.0,0.0,0.0,0.0,0.0,0.0,0.0,0.0,0.0,2.0,2.0,0.0,0.0,0.0,1,0,2,23,0.08695652173913043,0.0909
escherichia_coli,ec_oafgr1c8,region_viii_eastern_visayas,ormoc,alegria,fish_gusaw,1,8,neg,8,s,4,s,,s,8,s,4,s,0.5,s,,s,1,s,<=1,s,,s,<=0.25,s,<=2,s,<=1,s,<=2,s,,,<=0.12,s,<=0.5,s,<=0.12,s,1,s,<=1,s,<=16,s,8,s,<=20,s,0.0,22.0,0.0,0.0,0.0,0.0,0.0,0.0,0.0,0.0,0.0,0.0,0.0,0.0,0.0,0.0,0.0,0.0,0.0,0.0,0.0,0.0,0.0,0.0,0.0,0.0,0,0,0,23,0.0,0.0
escherichia_coli,ec_oafgr1c10,region_viii_eastern_visayas,ormoc,alegria,fish_gusaw,1,10,neg,8,s,4,s,,s,8,s,4,s,0.5,s,,s,1,s,<=1,s,,s,<=0.25,s,<=2,s,<=1,s,<=2,s,,,<=0.12,s,<=0.5,s,<=0.12,s,1,s,<=1,s,<=16,s,16,i,<=20,s,0.0,22.0,0.0,0.0,0.0,0.0,0.0,0.0,0.0,0.0,0.0,0.0,0.0,0.0,0.0,0.0,0.0,0.0,0.0,0.0,0.0,0.0,0.0,0.0,1.0,0.0,0,0,0,23,0.0,0.0
escherichia_coli,ec_oafgr1c11,region_viii_eastern_visayas,ormoc,alegria,fish_gusaw,1,11,neg,8,s,4,s,,s,8,s,16,i,0.5,s,,s,1,s,<=1,s,,s,<=0.25,s,<=2,s,<=1,s,<=2,s,,,<=0.12,s,<=0.5,s,<=0.12,s,1,s,<=1,s,<=16,s,16,i,<=20,s,0.0,22.0,0.0,0.0,0.0,0.0,0.0,1.0,0.0,0.0,0.0,0.0,0.0,0.0,0.0,0.0,0.0,0.0,0.0,0.0,0.0,0.0,0.0,0.0,1.0,0.0,0,0,0,23,0.0,0.0
escherichia_coli,ec_oafgr1c14,region_viii_eastern_visayas,ormoc,alegria,fish_gusaw,1,14,neg,8,s,4,s,,s,8,s,4,s,0.5,s,,s,1,s,<=1,s,,s,<=0.25,s,<=2,s,<=1,s,<=2,s,,,<=0.12,s,<=0.5,s,<=0.12,s,1,s,<=1,s,<=16,s,8,s,<=20,s,0.0,22.0,0.0,0.0,0.0,0.0,0.0,0.0,0.0,0.0,0.0,0.0,0.0,0.0,0.0,0.0,0.0,0.0,0.0,0.0,0.0,0.0,0.0,0.0,0.0,0.0,0,0,0,23,0.0,0.0
klebsiella_pneumoniae_ssp_ozaenae,ec_oafgr1c16,region_viii_eastern_visayas,ormoc,alegria,fish_gusaw,1,16,neg,8,r,≤2,s,,s,≤4,s,≤2,s,≤0.25,s,,s,<=0.5,s,<=1,s,,s,<=0.25,s,<=2,s,<=1,s,<=2,s,,,<=0.12,s,<=0.5,s,<=0.12,s,1,s,<=0.5,s,<=16,s,<=2,s,<=20,s,1.0,22.0,0.0455,2.0,0.0,0.0,0.0,0.0,0.0,0.0,0.0,0.0,0.0,0.0,0.0,0.0,0.0,0.0,0.0,0.0,0.0,0.0,0.0,0.0,0.0,0.0,1,0,1,23,0.043478260869565216,0.0455
escherichia_coli,ec_oafgr2c2,region_viii_eastern_visayas,ormoc,alegria,fish_gusaw,2,2,neg,≤2,s,≤2,s,,s,≤4,s,4,s,≤0.25,s,,s,<=0.5,s,<=1,s,,s,<=0.25,s,<=2,s,<=1,s,<=2,s,,,<=0.12,s,<=0.5,s,<=0.12,s,<=0.5,s,<=1,s,<=16,s,<=2,s,<=20,s,0.0,22.0,0.0,0.0,0.0,0.0,0.0,0.0,0.0,0.0,0.0,0.0,0.0,0.0,0.0,0.0,0.0,0.0,0.0,0.0,0.0,0.0,0.0,0.0,0.0,0.0,0,0,0,23,0.0,0.0
escherichia_coli,ec_oafgr2c4,region_viii_eastern_visayas,ormoc,alegria,fish_gusaw,2,4,neg,≤2,s,≤2,s,,s,8,s,4,s,≤0.25,s,,s,<=0.5,s,<=1,s,,s,<=0.25,s,<=2,s,<=1,s,<=2,s,,,<=0.12,s,<=0.5,s,<=0.12,s,1,s,<=1,s,<=16,s,4,s,<=20,s,0.0,22.0,0.0,0.0,0.0,0.0,0.0,0.0,0.0,0.0,0.0,0.0,0.0,0.0,0.0,0.0,0.0,0.0,0.0,0.0,0.0,0.0,0.0,0.0,0.0,0.0,0,0,0,23,0.0,0.0
escherichia_coli,ec_oafgr2c5,region_viii_eastern_visayas,ormoc,alegria,fish_gusaw,2,5,neg,8,s,≤2,s,,s,8,s,8,s,0.5,s,,s,1,s,<=1,s,,s,<=0.25,s,<=2,s,<=1,s,<=2,s,,,<=0.12,s,<=0.5,s,<=0.12,s,≥16,r,4,s,<=16,s,8,s,<=20,s,1.0,22.0,0.0455,0.0,0.0,0.0,0.0,0.0,0.0,0.0,0.0,0.0,0.0,0.0,0.0,0.0,0.0,0.0,0.0,0.0,0.0,2.0,0.0,0.0,0.0,0.0,1,0,1,23,0.043478260869565216,0.0455
escherichia_coli,ec_oafgr2c6,region_viii_eastern_visayas,ormoc,alegria,fish_gusaw,2,6,neg,≤2,s,≤2,s,,s,8,s,4,s,≤0.25,s,,s,<=0.5,s,<=1,s,,s,<=0.25,s,<=2,s,<=1,s,<=2,s,,,<=0.12,s,<=0.5,s,<=0.12,s,<=0.5,s,<=1,s,<=16,s,<=2,s,<=20,s,0.0,22.0,0.0,0.0,0.0,0.0,0.0,0.0,0.0,0.0,0.0,0.0,0.0,0.0,0.0,0.0,0.0,0.0,0.0,0.0,0.0,0.0,0.0,0.0,0.0,0.0,0,0,0,23,0.0,0.0
escherichia_coli,ec_oafgr2c7,region_viii_eastern_visayas,ormoc,alegria,fish_gusaw,2,7,neg,8,s,≤2,s,,s,8,s,4,s,≤0.25,s,,s,1,s,<=1,s,,s,<=0.25,s,<=2,s,<=1,s,<=2,s,,,<=0.12,s,<=0.5,s,<=0.12,s,1,s,<=1,s,<=16,s,4,s,<=20,s,0.0,22.0,0.0,0.0,0.0,0.0,0.0,0.0,0.0,0.0,0.0,0.0,0.0,0.0,0.0,0.0,0.0,0.0,0.0,0.0,0.0,0.0,0.0,0.0,0.0,0.0,0,0,0,23,0.0,0.0
escherichia_coli,ec_oafgr3c1,region_viii_eastern_visayas,ormoc,alegria,fish_gusaw,3,1,neg,4,s,≤2,s,,s,8,s,4,s,≤0.25,s,,s,<=0.5,s,<=1,s,,s,<=0.25,s,<=2,s,<=1,s,<=2,s,,,<=0.12,s,<=0.5,s,<=0.12,s,1,s,<=1,s,<=16,s,4,s,<=20,s,0.0,22.0,0.0,0.0,0.0,0.0,0.0,0.0,0.0,0.0,0.0,0.0,0.0,0.0,0.0,0.0,0.0,0.0,0.0,0.0,0.0,0.0,0.0,0.0,0.0,0.0,0,0,0,23,0.0,0.0
escherichia_coli,ec_oafgr3c2,region_viii_eastern_visayas,ormoc,alegria,fish_gusaw,3,2,neg,≥32,r,4,s,,s,8,s,4,s,≤0.25,s,,s,1,s,<=1,s,,s,<=0.25,s,<=2,s,<=1,s,>=64,,,,1,i,1,s,<=0.12,s,≥16,r,≥16,r,128,r,16,i,<=20,s,4.0,22.0,0.1818,2.0,0.0,0.0,0.0,0.0,0.0,0.0,0.0,0.0,0.0,0.0,0.0,0.0,0.0,0.0,1.0,0.0,0.0,2.0,2.0,2.0,1.0,0.0,3,1,4,23,0.17391304347826086,0.1818
escherichia_coli,ec_oafgr3c3,region_viii_eastern_visayas,ormoc,alegria,fish_gusaw,3,3,neg,≤2,s,≤2,s,,s,≤4,s,4,s,≤0.25,s,,s,<=0.5,s,<=1,s,,s,<=0.25,s,<=2,s,<=1,s,<=2,s,,,<=0.12,s,<=0.5,s,<=0.12,s,≥16,r,≥16,r,<=16,s,8,s,<=20,s,2.0,22.0,0.0909,0.0,0.0,0.0,0.0,0.0,0.0,0.0,0.0,0.0,0.0,0.0,0.0,0.0,0.0,0.0,0.0,0.0,0.0,2.0,2.0,0.0,0.0,0.0,1,0,2,23,0.08695652173913043,0.0909
escherichia_coli,ec_oafgr3c4,region_viii_eastern_visayas,ormoc,alegria,fish_gusaw,3,4,neg,8,s,≤2,s,,s,8,s,4,s,0.5,s,,s,1,s,<=1,s,,s,<=0.25,s,<=2,s,<=1,s,<=2,s,,,<=0.12,s,<=0.5,s,<=0.12,s,≥16,r,≥16,r,<=16,s,8,s,<=20,s,2.0,22.0,0.0909,0.0,0.0,0.0,0.0,0.0,0.0,0.0,0.0,0.0,0.0,0.0,0.0,0.0,0.0,0.0,0.0,0.0,0.0,2.0,2.0,0.0,0.0,0.0,1,0,2,23,0.08695652173913043,0.0909
escherichia_coli,ec_oafgr3c6,region_viii_eastern_visayas,ormoc,alegria,fish_gusaw,3,6,neg,≤2,s,≤2,s,,s,8,s,4,s,≤0.25,s,,s,1,s,<=1,s,,s,<=0.25,s,<=2,s,<=1,s,<=2,s,,,<=0.12,s,<=0.5,s,<=0.12,s,1,s,<=1,s,<=16,s,8,s,<=20,s,0.0,22.0,0.0,0.0,0.0,0.0,0.0,0.0,0.0,0.0,0.0,0.0,0.0,0.0,0.0,0.0,0.0,0.0,0.0,0.0,0.0,0.0,0.0,0.0,0.0,0.0,0,0,0,23,0.0,0.0
escherichia_coli,ec_oafgr3c7,region_viii_eastern_visayas,ormoc,alegria,fish_gusaw,3,7,neg,4,s,≤2,s,,s,8,s,16,i,0.5,s,,s,<=0.5,s,<=1,s,,s,<=0.25,s,<=2,s,<=1,s,<=2,s,,,<=0.12,s,<=0.5,s,<=0.12,s,1,s,<=1,s,<=16,s,16,i,<=20,s,0.0,22.0,0.0,0.0,0.0,0.0,0.0,1.0,0.0,0.0,0.0,0.0,0.0,0.0,0.0,0.0,0.0,0.0,0.0,0.0,0.0,0.0,0.0,0.0,1.0,0.0,0,0,0,23,0.0,0.0
escherichia_coli,ec_oafgr3c8,region_viii_eastern_visayas,ormoc,alegria,fish_gusaw,3,8,neg,8,s,4,s,,s,8,s,4,s,≤0.25,s,,s,1,s,<=1,s,,s,<=0.25,s,<=2,s,<=1,s,<=2,s,,,<=0.12,s,<=0.5,s,<=0.12,s,1,s,<=1,s,<=16,s,8,s,<=20,s,0.0,22.0,0.0,0.0,0.0,0.0,0.0,0.0,0.0,0.0,0.0,0.0,0.0,0.0,0.0,0.0,0.0,0.0,0.0,0.0,0.0,0.0,0.0,0.0,0.0,0.0,0,0,0,23,0.0,0.0
escherichia_coli,ec_oafgr3c9,region_viii_eastern_visayas,ormoc,alegria,fish_gusaw,3,9,neg,8,s,≤2,s,,s,8,s,4,s,≤0.25,s,,s,1,s,<=1,s,,s,<=0.25,s,<=2,s,<=1,s,<=2,s,,,<=0.12,s,<=0.5,s,<=0.12,s,1,s,<=1,s,<=16,s,8,s,<=20,s,0.0,22.0,0.0,0.0,0.0,0.0,0.0,0.0,0.0,0.0,0.0,0.0,0.0,0.0,0.0,0.0,0.0,0.0,0.0,0.0,0.0,0.0,0.0,0.0,0.0,0.0,0,0,0,23,0.0,0.0
klebsiella_pneumoniae_ssp_pneumoniae,ec_oafgr3c13,region_viii_eastern_visayas,ormoc,alegria,fish_gusaw,3,13,neg,≥32,r,≤2,s,,s,≤4,s,4,s,≤0.25,s,,s,1,s,<=1,s,,s,<=0.25,s,<=2,s,<=1,s,<=2,s,,,<=0.12,s,<=0.5,s,<=0.12,s,1,s,<=1,s,<=16,s,<=2,s,<=20,s,1.0,22.0,0.0455,2.0,0.0,0.0,0.0,0.0,0.0,0.0,0.0,0.0,0.0,0.0,0.0,0.0,0.0,0.0,0.0,0.0,0.0,0.0,0.0,0.0,0.0,0.0,1,0,1,23,0.043478260869565216,0.0455
escherichia_coli,ec_oafgr3c14,region_viii_eastern_visayas,ormoc,alegria,fish_gusaw,3,14,neg,≤2,s,≤2,s,,s,8,s,4,s,≤0.25,s,,s,<=0.5,s,<=1,s,,s,<=0.25,s,<=2,s,<=1,s,<=2,s,,,<=0.12,s,<=0.5,s,<=0.12,s,≥16,r,≥16,r,32,s,4,s,<=20,s,2.0,22.0,0.0909,0.0,0.0,0.0,0.0,0.0,0.0,0.0,0.0,0.0,0.0,0.0,0.0,0.0,0.0,0.0,0.0,0.0,0.0,2.0,2.0,0.0,0.0,0.0,1,0,2,23,0.08695652173913043,0.0909
klebsiella_pneumoniae_ssp_pneumoniae,ec_oafgr3c15,region_viii_eastern_visayas,ormoc,alegria,fish_gusaw,3,15,neg,16,r,≤2,s,,s,≤4,s,≤2,s,≤0.25,s,,s,<=0.5,s,<=1,s,,s,<=0.25,s,<=2,s,<=1,s,<=2,s,,,<=0.12,s,<=0.5,s,<=0.12,s,1,s,<=1,s,32,s,<=2,s,<=20,s,1.0,22.0,0.0455,2.0,0.0,0.0,0.0,0.0,0.0,0.0,0.0,0.0,0.0,0.0,0.0,0.0,0.0,0.0,0.0,0.0,0.0,0.0,0.0,0.0,0.0,0.0,1,0,1,23,0.043478260869565216,0.0455
klebsiella_pneumoniae_ssp_pneumoniae,ec_oafgr3c16,region_viii_eastern_visayas,ormoc,alegria,fish_gusaw,3,16,neg,≥32,r,4,s,,s,≤4,s,≤2,s,≤0.25,s,,s,<=0.5,s,<=1,s,,s,<=0.25,s,<=2,s,<=1,s,<=2,s,,,<=0.12,s,<=0.5,s,<=0.12,s,1,s,<=1,s,64,i,<=2,s,<=20,s,1.0,22.0,0.0455,2.0,0.0,0.0,0.0,0.0,0.0,0.0,0.0,0.0,0.0,0.0,0.0,0.0,0.0,0.0,0.0,0.0,0.0,0.0,0.0,1.0,0.0,0.0,1,0,1,23,0.043478260869565216,0.0455
escherichia_coli,ec_oldwr3c1,region_viii_eastern_visayas,ormoc,larrazabal,drinking_water,3,1,neg,8,s,4,s,,s,8,s,4,s,≤0.25,s,,s,1,s,≤1,s,,s,≤0.25,s,≤2,s,≤1,s,≤2,s,,,≤0.12,s,≤0.5,s,≤0.12,s,1,s,≤1,s,≤16,s,8,s,≤20,s,0.0,22.0,0.0,0.0,0.0,0.0,0.0,0.0,0.0,0.0,0.0,0.0,0.0,0.0,0.0,0.0,0.0,0.0,0.0,0.0,0.0,0.0,0.0,0.0,0.0,0.0,0,0,0,23,0.0,0.0
escherichia_coli,ec_oldwr3c2,region_viii_eastern_visayas,ormoc,larrazabal,drinking_water,3,2,neg,8,s,4,s,,s,8,s,4,s,≤0.25,s,,s,1,s,≤1,s,,s,≤0.25,s,≤2,s,≤1,s,≤2,s,,,≤0.12,s,≤0.5,s,≤0.12,s,1,s,≤1,s,≤16,s,8,s,≤20,s,0.0,22.0,0.0,0.0,0.0,0.0,0.0,0.0,0.0,0.0,0.0,0.0,0.0,0.0,0.0,0.0,0.0,0.0,0.0,0.0,0.0,0.0,0.0,0.0,0.0,0.0,0,0,0,23,0.0,0.0
escherichia_coli,ec_oldwr3c4,region_viii_eastern_visayas,ormoc,larrazabal,drinking_water,3,4,neg,8,s,4,s,,s,16,s,4,s,≤0.25,s,,s,2,s,≤1,s,,s,≤0.25,s,≤2,s,≤1,s,≤2,s,,,≤0.12,s,≤0.5,s,≤0.12,s,1,s,≤1,s,≤16,s,4,s,≤20,s,0.0,22.0,0.0,0.0,0.0,0.0,0.0,0.0,0.0,0.0,0.0,0.0,0.0,0.0,0.0,0.0,0.0,0.0,0.0,0.0,0.0,0.0,0.0,0.0,0.0,0.0,0,0,0,23,0.0,0.0
escherichia_coli,ec_oldwr3c7,region_viii_eastern_visayas,ormoc,larrazabal,drinking_water,3,7,neg,8,s,4,s,,s,8,s,4,s,≤0.25,s,,s,1,s,≤1,s,,s,≤0.25,s,≤2,s,≤1,s,≤2,s,,,≤0.12,s,≤0.5,s,≤0.12,s,1,s,≤1,s,≤16,s,4,s,≤20,s,0.0,22.0,0.0,0.0,0.0,0.0,0.0,0.0,0.0,0.0,0.0,0.0,0.0,0.0,0.0,0.0,0.0,0.0,0.0,0.0,0.0,0.0,0.0,0.0,0.0,0.0,0,0,0,23,0.0,0.0
escherichia_coli,ec_oldwr3c17,region_viii_eastern_visayas,ormoc,larrazabal,drinking_water,3,17,neg,8,s,4,s,,s,8,s,4,s,≤0.25,s,,s,1,s,≤1,s,,s,≤0.25,s,≤2,s,≤1,s,≤2,s,,,≤0.12,s,≤0.5,s,≤0.12,s,1,s,≤1,s,≤16,s,4,s,≤20,s,0.0,22.0,0.0,0.0,0.0,0.0,0.0,0.0,0.0,0.0,0.0,0.0,0.0,0.0,0.0,0.0,0.0,0.0,0.0,0.0,0.0,0.0,0.0,0.0,0.0,0.0,0,0,0,23,0.0,0.0
escherichia_coli,saloldwr2c2,region_viii_eastern_visayas,ormoc,larrazabal,drinking_water,2,2,neg,≤2,s,≤2,s,,s,≤4,s,4,s,≤0.25,s,,s,≤0.5,s,≤1,s,,s,≤0.25,s,≤2,s,≤1,s,≤2,s,,,≤0.12,s,≤0.5,s,≤0.12,s,4,s,≥16,r,32,s,4,s,≤20,s,1.0,22.0,0.0455,0.0,0.0,0.0,0.0,0.0,0.0,0.0,0.0,0.0,0.0,0.0,0.0,0.0,0.0,0.0,0.0,0.0,0.0,0.0,2.0,0.0,0.0,0.0,1,0,1,23,0.043478260869565216,0.0455
escherichia_coli,saloldwr2c3,region_viii_eastern_visayas,ormoc,larrazabal,drinking_water,2,3,neg,≤2,s,≤2,s,,s,8,s,4,s,≤0.25,s,,s,≤0.5,s,≤1,s,,s,≤0.25,s,≤2,s,≤1,s,≤2,s,,,≤0.12,s,≤0.5,s,≤0.12,s,4,s,≥16,r,32,s,4,s,≤20,s,1.0,22.0,0.0455,0.0,0.0,0.0,0.0,0.0,0.0,0.0,0.0,0.0,0.0,0.0,0.0,0.0,0.0,0.0,0.0,0.0,0.0,0.0,2.0,0.0,0.0,0.0,1,0,1,23,0.043478260869565216,0.0455
salmonella_group,saloldwr3c1,region_viii_eastern_visayas,ormoc,larrazabal,drinking_water,3,1,,≤2,r,≤2,s,,s,32,r,≤2,s,≤0.25,s,,s,≤0.5,s,≤1,s,,s,≤0.25,s,≤2,r,≤1,r,≤2,s,,,≤0.12,s,≤0.5,s,≤0.12,s,1,s,≤1,s,≤16,s,4,s,≤20,s,4.0,22.0,0.1818,2.0,0.0,0.0,2.0,0.0,0.0,0.0,0.0,0.0,0.0,0.0,2.0,2.0,0.0,0.0,0.0,0.0,0.0,0.0,0.0,0.0,0.0,0.0,2,0,4,23,0.17391304347826086,0.1818
salmonella_group,saloldwr3c7,region_viii_eastern_visayas,ormoc,larrazabal,drinking_water,3,7,,≤2,s,≤2,s,,s,≤4,r,≤2,r,≤0.25,s,,s,≤0.5,s,≤1,s,,s,≤0.25,s,≤2,r,≤1,r,≤2,s,,,≤0.12,s,≤0.5,s,≤0.12,s,1,s,≤1,s,≤16,s,≤2,s,≤20,s,4.0,22.0,0.1818,0.0,0.0,0.0,2.0,2.0,0.0,0.0,0.0,0.0,0.0,0.0,2.0,2.0,0.0,0.0,0.0,0.0,0.0,0.0,0.0,0.0,0.0,0.0,2,0,4,23,0.17391304347826086,0.1818
escherichia_coli,ec_olrwr1c2,region_viii_eastern_visayas,ormoc,larrazabal,river_water,1,2,neg,≤2,s,≤2,s,,s,≤4,s,4,s,≤0.25,s,,s,1,s,≤1,s,,s,≤0.25,s,≤2,s,≤1,s,≤2,s,,,≤0.12,s,≤0.5,s,≤0.12,s,1,s,≤1,s,≤16,s,8,s,≤20,s,0.0,22.0,0.0,0.0,0.0,0.0,0.0,0.0,0.0,0.0,0.0,0.0,0.0,0.0,0.0,0.0,0.0,0.0,0.0,0.0,0.0,0.0,0.0,0.0,0.0,0.0,0,0,0,23,0.0,0.0
klebsiella_pneumoniae_ssp_pneumoniae,ec_olrwr1c4,region_viii_eastern_visayas,ormoc,larrazabal,river_water,1,4,neg,16,r,≤2,s,,s,≤4,s,≤2,s,≤0.25,s,,s,1,s,≤1,s,,s,≤0.25,s,≤2,s,≤1,s,≤2,s,,,≤0.12,s,≤0.5,s,≤0.12,s,≥16,r,≥16,r,32,s,≤2,s,≤20,s,3.0,22.0,0.1364,2.0,0.0,0.0,0.0,0.0,0.0,0.0,0.0,0.0,0.0,0.0,0.0,0.0,0.0,0.0,0.0,0.0,0.0,2.0,2.0,0.0,0.0,0.0,2,0,3,23,0.13043478260869565,0.1364
escherichia_coli,ec_olrwr2c6,region_viii_eastern_visayas,ormoc,larrazabal,river_water,2,6,neg,8,s,≤2,s,,s,8,s,4,s,≤0.25,s,,s,1,s,≤1,s,,s,≤0.25,s,≤2,s,≤1,s,≤2,s,,,≤0.12,s,≤0.5,s,≤0.12,s,1,s,≤1,s,≤16,s,4,s,≤20,s,0.0,22.0,0.0,0.0,0.0,0.0,0.0,0.0,0.0,0.0,0.0,0.0,0.0,0.0,0.0,0.0,0.0,0.0,0.0,0.0,0.0,0.0,0.0,0.0,0.0,0.0,0,0,0,23,0.0,0.0
klebsiella_pneumoniae_ssp_pneumoniae,ec_olrwr2c7,region_viii_eastern_visayas,ormoc,larrazabal,river_water,2,7,neg,≥32,r,≤2,s,,s,≤4,s,≤2,s,≤0.25,s,,s,≤0.5,s,≤1,s,,s,≤0.25,s,≤2,s,≤1,s,≤2,s,,,≤0.12,s,≤0.5,s,≤0.12,s,1,s,≤1,s,≤16,s,≤2,s,≤20,s,1.0,22.0,0.0455,2.0,0.0,0.0,0.0,0.0,0.0,0.0,0.0,0.0,0.0,0.0,0.0,0.0,0.0,0.0,0.0,0.0,0.0,0.0,0.0,0.0,0.0,0.0,1,0,1,23,0.043478260869565216,0.0455
escherichia_coli,ec_olrwr3c3,region_viii_eastern_visayas,ormoc,larrazabal,river_water,3,3,neg,≤2,s,≤2,s,,s,8,s,4,s,≤0.25,s,,s,1,s,≤1,s,,s,≤0.25,s,≤2,s,≤1,s,≤2,s,,,≤0.12,s,≤0.5,s,≤0.12,s,1,s,≤1,s,≤16,s,≤2,s,≤20,s,,22.0,0.0,0.0,0.0,0.0,0.0,0.0,0.0,0.0,0.0,0.0,0.0,0.0,0.0,0.0,0.0,0.0,0.0,0.0,0.0,0.0,0.0,0.0,0.0,0.0,0,0,0,23,0.0,0.0
salmonella_group,salolrwr1c2,region_viii_eastern_visayas,ormoc,larrazabal,river_water,1,2,,≤2,s,≤2,s,,s,≤4,r,≤2,r,≤0.25,s,,s,≤0.5,s,2,s,,s,≤0.25,s,≤2,r,≤1,r,≤2,s,,,≤0.12,s,≤0.5,s,≤0.12,s,1,s,≤1,s,≤16,s,≤2,s,≤20,s,4.0,22.0,0.1818,0.0,0.0,0.0,2.0,2.0,0.0,0.0,0.0,0.0,0.0,0.0,2.0,2.0,0.0,0.0,0.0,0.0,0.0,0.0,0.0,0.0,0.0,0.0,2,0,4,23,0.17391304347826086,0.1818
escherichia_coli,salolrwr2c1,region_viii_eastern_visayas,ormoc,larrazabal,river_water,2,1,neg,≤2,s,≤2,s,,s,≤4,s,4,s,≤0.25,s,,s,≤0.5,s,≤1,s,,s,≤0.25,s,≤2,s,≤1,s,≤2,s,,,≤0.12,s,≤0.5,s,≤0.12,s,4,s,≥16,r,32,s,4,s,≤20,s,1.0,22.0,0.0455,0.0,0.0,0.0,0.0,0.0,0.0,0.0,0.0,0.0,0.0,0.0,0.0,0.0,0.0,0.0,0.0,0.0,0.0,0.0,2.0,0.0,0.0,0.0,1,0,1,23,0.043478260869565216,0.0455
escherichia_coli,salolrwr2c2,region_viii_eastern_visayas,ormoc,larrazabal,river_water,2,2,neg,≤2,s,≤2,s,,s,≤4,s,4,s,≤0.25,s,,s,≤0.5,s,≤1,s,,s,≤0.25,s,≤2,s,≤1,s,≤2,s,,,≤0.12,s,≤0.5,s,≤0.12,s,4,s,≥16,r,32,s,4,s,≤20,s,1.0,22.0,0.0455,0.0,0.0,0.0,0.0,0.0,0.0,0.0,0.0,0.0,0.0,0.0,0.0,0.0,0.0,0.0,0.0,0.0,0.0,0.0,2.0,0.0,0.0,0.0,1,0,1,23,0.043478260869565216,0.0455
escherichia_coli,ec_olfbr1c1,region_viii_eastern_visayas,ormoc,larrazabal,fish_banak,1,1,neg,≤2,s,≤2,s,,s,8,s,4,s,≤0.25,s,,s,≤0.5,s,≤1,s,,s,≤0.25,s,≤2,s,≤1,s,≤2,s,,,≤0.12,s,≤0.5,s,≤0.12,s,1,s,≤1,s,≤16,s,4,s,≤20,s,0.0,22.0,0.0,0.0,0.0,0.0,0.0,0.0,0.0,0.0,0.0,0.0,0.0,0.0,0.0,0.0,0.0,0.0,0.0,0.0,0.0,0.0,0.0,0.0,0.0,0.0,0,0,0,23,0.0,0.0
escherichia_coli,ec_olfbr1c2,region_viii_eastern_visayas,ormoc,larrazabal,fish_banak,1,2,neg,≥32,r,4,s,,s,≤4,s,4,s,≤0.25,s,,s,≤0.5,s,≤1,s,,s,≤0.25,s,≤2,s,≤1,s,≤2,s,,,0.5,s,≤0.5,s,0.25,s,4,s,≥16,r,≤16,s,≥64,r,≤20,s,3.0,22.0,0.1364,2.0,0.0,0.0,0.0,0.0,0.0,0.0,0.0,0.0,0.0,0.0,0.0,0.0,0.0,0.0,0.0,0.0,0.0,0.0,2.0,0.0,2.0,0.0,3,1,3,23,0.13043478260869565,0.1364
escherichia_coli,ec_olfbr1c4,region_viii_eastern_visayas,ormoc,larrazabal,fish_banak,1,4,neg,≤2,s,≤2,s,,s,16,s,4,s,≤0.25,s,,s,≤0.5,s,≤1,s,,s,≤0.25,s,≤2,s,≤1,s,≤2,s,,,≤0.12,s,≤0.5,s,≤0.12,s,1,s,≤1,s,≤16,s,8,s,≤20,s,0.0,22.0,0.0,0.0,0.0,0.0,0.0,0.0,0.0,0.0,0.0,0.0,0.0,0.0,0.0,0.0,0.0,0.0,0.0,0.0,0.0,0.0,0.0,0.0,0.0,0.0,0,0,0,23,0.0,0.0
escherichia_coli,ec_olfbr1c6,region_viii_eastern_visayas,ormoc,larrazabal,fish_banak,1,6,neg,≥32,r,4,s,,s,16,s,4,s,≤0.25,s,,s,≤0.5,s,≤1,s,,s,≤0.25,s,≤2,s,≤1,s,≤2,s,,,≤0.12,s,≤0.5,s,≤0.12,s,1,s,≤1,s,≤16,s,≤2,s,≤20,s,1.0,22.0,0.0455,2.0,0.0,0.0,0.0,0.0,0.0,0.0,0.0,0.0,0.0,0.0,0.0,0.0,0.0,0.0,0.0,0.0,0.0,0.0,0.0,0.0,0.0,0.0,1,0,1,23,0.043478260869565216,0.0455
escherichia_coli,ec_olfbr1c9,region_viii_eastern_visayas,ormoc,larrazabal,fish_banak,1,9,neg,≥32,r,4,s,,s,8,s,16,i,≤0.25,s,,s,1,s,≤1,s,,s,≤0.25,s,≤2,s,≤1,s,≤2,s,,,1,i,1,s,1,i,≥16,r,≥16,r,≤16,s,≥64,r,≤20,s,4.0,22.0,0.1818,2.0,0.0,0.0,0.0,1.0,0.0,0.0,0.0,0.0,0.0,0.0,0.0,0.0,0.0,0.0,1.0,0.0,1.0,2.0,2.0,0.0,2.0,0.0,3,1,4,23,0.17391304347826086,0.1818
escherichia_coli,ec_olfbr1c12,region_viii_eastern_visayas,ormoc,larrazabal,fish_banak,1,12,neg,≥32,r,4,s,,s,8,s,16,i,≤0.25,s,,s,1,s,≤1,s,,s,≤0.25,s,≤2,s,≤1,s,≤2,s,,,1,i,≤0.5,s,0.25,s,≥16,r,≥16,r,≤16,s,≥64,r,≤20,s,4.0,22.0,0.1818,2.0,0.0,0.0,0.0,1.0,0.0,0.0,0.0,0.0,0.0,0.0,0.0,0.0,0.0,0.0,1.0,0.0,0.0,2.0,2.0,0.0,2.0,0.0,3,1,4,23,0.17391304347826086,0.1818
escherichia_coli,ec_olfbr1c15,region_viii_eastern_visayas,ormoc,larrazabal,fish_banak,1,15,neg,≤2,s,≤2,s,,s,8,s,4,s,≤0.25,s,,s,≤0.5,s,≤1,s,,s,≤0.25,s,≤2,s,≤1,s,≤2,s,,,≤0.12,s,≤0.5,s,≤0.12,s,1,s,≤1,s,≤16,s,4,s,≤20,s,0.0,22.0,0.0,0.0,0.0,0.0,0.0,0.0,0.0,0.0,0.0,0.0,0.0,0.0,0.0,0.0,0.0,0.0,0.0,0.0,0.0,0.0,0.0,0.0,0.0,0.0,0,0,0,23,0.0,0.0
escherichia_coli,ec_olfbr2c6,region_viii_eastern_visayas,ormoc,larrazabal,fish_banak,2,6,neg,4,s,≤2,s,,s,8,s,4,s,≤0.25,s,,s,≤0.5,s,≤1,s,,s,≤0.25,s,≤2,s,≤1,s,≤2,s,,,≤0.12,s,≤0.5,s,≤0.12,s,≤0.5,s,≤1,s,≤16,s,≤2,s,≤20,s,0.0,22.0,0.0,0.0,0.0,0.0,0.0,0.0,0.0,0.0,0.0,0.0,0.0,0.0,0.0,0.0,0.0,0.0,0.0,0.0,0.0,0.0,0.0,0.0,0.0,0.0,0,0,0,23,0.0,0.0
escherichia_coli,ec_olfbr2c9,region_viii_eastern_visayas,ormoc,larrazabal,fish_banak,2,9,neg,4,s,≤2,s,,s,16,s,4,s,≤0.25,s,,s,≤0.5,s,≤1,s,,s,≤0.25,s,≤2,s,≤1,s,≤2,s,,,≤0.12,s,≤0.5,s,≤0.12,s,≤0.5,s,≤1,s,≤16,s,≤2,s,≤20,s,0.0,22.0,0.0,0.0,0.0,0.0,0.0,0.0,0.0,0.0,0.0,0.0,0.0,0.0,0.0,0.0,0.0,0.0,0.0,0.0,0.0,0.0,0.0,0.0,0.0,0.0,0,0,0,23,0.0,0.0
escherichia_coli,ec_olfbr2c12,region_viii_eastern_visayas,ormoc,larrazabal,fish_banak,2,12,neg,≤2,s,≤2,s,,s,≤4,s,4,s,≤0.25,s,,s,≤0.5,s,≤1,s,,s,≤0.25,s,≤2,s,≤1,s,≤2,s,,,≤0.12,s,≤0.5,s,≤0.12,s,1,s,≤1,s,≤16,s,4,s,≤20,s,0.0,22.0,0.0,0.0,0.0,0.0,0.0,0.0,0.0,0.0,0.0,0.0,0.0,0.0,0.0,0.0,0.0,0.0,0.0,0.0,0.0,0.0,0.0,0.0,0.0,0.0,0,0,0,23,0.0,0.0
escherichia_coli,ec_olfbr2c15,region_viii_eastern_visayas,ormoc,larrazabal,fish_banak,2,15,neg,4,s,≤2,s,,s,8,s,4,s,≤0.25,s,,s,≤0.5,s,≤1,s,,s,≤0.25,s,≤2,s,≤1,s,≤2,s,,,≤0.12,s,≤0.5,s,≤0.12,s,1,s,≤1,s,≤16,s,4,s,≤20,s,0.0,22.0,0.0,0.0,0.0,0.0,0.0,0.0,0.0,0.0,0.0,0.0,0.0,0.0,0.0,0.0,0.0,0.0,0.0,0.0,0.0,0.0,0.0,0.0,0.0,0.0,0,0,0,23,0.0,0.0
klebsiella_pneumoniae_ssp_pneumoniae,ec_olfbr3c6,region_viii_eastern_visayas,ormoc,larrazabal,fish_banak,3,6,neg,≥32,r,≤2,s,,s,≤4,s,≤2,s,≤0.25,s,,s,1,s,≤1,s,,s,≤0.25,s,≤2,s,≤1,s,≤2,s,,,≤0.12,s,≤0.5,s,≤0.12,s,1,s,≤1,s,≥64,i,≤2,s,≤20,s,1.0,22.0,0.0455,2.0,0.0,0.0,0.0,0.0,0.0,0.0,0.0,0.0,0.0,0.0,0.0,0.0,0.0,0.0,0.0,0.0,0.0,0.0,0.0,1.0,0.0,0.0,1,0,1,23,0.043478260869565216,0.0455
escherichia_coli,ec_olfbr3c9,region_viii_eastern_visayas,ormoc,larrazabal,fish_banak,3,9,neg,≤2,s,≤2,s,,s,8,s,4,s,≤0.25,s,,s,≤0.5,s,≤1,s,,s,≤0.25,s,≤2,s,≤1,s,≤2,s,,,≤0.12,s,≤0.5,s,≤0.12,s,≤0.5,s,≤1,s,≤16,s,≤2,s,≤20,s,0.0,22.0,0.0,0.0,0.0,0.0,0.0,0.0,0.0,0.0,0.0,0.0,0.0,0.0,0.0,0.0,0.0,0.0,0.0,0.0,0.0,0.0,0.0,0.0,0.0,0.0,0,0,0,23,0.0,0.0
escherichia_coli,ec_olfbr3c10,region_viii_eastern_visayas,ormoc,larrazabal,fish_banak,3,10,neg,≥32,r,4,s,,s,8,s,4,s,≤0.25,s,,s,≤0.5,s,≤1,s,,s,≤0.25,s,≤2,s,≤1,s,≤2,s,,,1,i,≤0.5,s,0.25,s,≥16,r,≥16,r,64,i,≤2,s,≥320,r,4.0,22.0,0.1818,2.0,0.0,0.0,0.0,0.0,0.0,0.0,0.0,0.0,0.0,0.0,0.0,0.0,0.0,0.0,1.0,0.0,0.0,2.0,2.0,1.0,0.0,2.0,2,0,4,23,0.17391304347826086,0.1818
escherichia_coli,ec_olfbr3c11,region_viii_eastern_visayas,ormoc,larrazabal,fish_banak,3,11,neg,4,s,≤2,s,,s,8,s,4,s,≤0.25,s,,s,≤0.5,s,≤1,s,,s,≤0.25,s,≤2,s,≤1,s,≤2,s,,,≤0.12,s,≤0.5,s,≤0.12,s,1,s,≤1,s,≤16,s,4,s,≤20,s,0.0,22.0,0.0,0.0,0.0,0.0,0.0,0.0,0.0,0.0,0.0,0.0,0.0,0.0,0.0,0.0,0.0,0.0,0.0,0.0,0.0,0.0,0.0,0.0,0.0,0.0,0,0,0,23,0.0,0.0
klebsiella_pneumoniae_ssp_pneumoniae,ec_olfbr3c13,region_viii_eastern_visayas,ormoc,larrazabal,fish_banak,3,13,neg,≥32,r,≤2,s,,s,≤4,s,≤2,s,≤0.25,s,,s,1,s,≤1,s,,s,≤0.25,s,≤2,s,≤1,s,≤2,s,,,≤0.12,s,≤0.5,s,≤0.12,s,1,s,≤1,s,≤16,s,≤2,s,≤20,s,1.0,22.0,0.0455,2.0,0.0,0.0,0.0,0.0,0.0,0.0,0.0,0.0,0.0,0.0,0.0,0.0,0.0,0.0,0.0,0.0,0.0,0.0,0.0,0.0,0.0,0.0,1,0,1,23,0.043478260869565216,0.0455
salmonella_group,salolfbr3c5,region_viii_eastern_visayas,ormoc,larrazabal,fish_banak,3,5,,≤2,s,≤2,s,,s,≤4,r,≤2,r,≤0.25,s,,s,≤0.5,s,≤1,s,,s,≤0.25,s,≤2,r,≤1,r,≤2,s,,,≤0.12,s,≤0.5,s,≤0.12,s,8,i,≤1,s,≤16,s,≤2,s,≤20,s,4.0,22.0,0.1818,0.0,0.0,0.0,2.0,2.0,0.0,0.0,0.0,0.0,0.0,0.0,2.0,2.0,0.0,0.0,0.0,0.0,0.0,1.0,0.0,0.0,0.0,0.0,2,0,4,23,0.17391304347826086,0.1818
escherichia_coli,sgolfbr2c1,region_viii_eastern_visayas,ormoc,larrazabal,fish_banak,2,1,neg,≥32,r,4,s,,s,8,s,8,s,≤0.25,s,,s,≤0.5,s,≤1,s,,s,≤0.25,s,≤2,s,≤1,s,≤2,s,,,≤0.12,s,≤0.5,s,≤0.12,s,≥16,r,≥16,r,≤16,s,≤2,s,≥320,r,4.0,22.0,0.1818,2.0,0.0,0.0,0.0,0.0,0.0,0.0,0.0,0.0,0.0,0.0,0.0,0.0,0.0,0.0,0.0,0.0,0.0,2.0,2.0,0.0,0.0,2.0,2,0,4,23,0.17391304347826086,0.1818
escherichia_coli,sgolfbr2c2,region_viii_eastern_visayas,ormoc,larrazabal,fish_banak,2,2,neg,≤2,s,≤2,s,,s,8,s,4,s,≤0.25,s,,s,≤0.5,s,≤1,s,,s,≤0.25,s,≤2,s,≤1,s,≤2,s,,,≤0.12,s,≤0.5,s,≤0.12,s,≥16,r,≥16,r,64,i,4,s,≤20,s,2.0,22.0,0.0909,0.0,0.0,0.0,0.0,0.0,0.0,0.0,0.0,0.0,0.0,0.0,0.0,0.0,0.0,0.0,0.0,0.0,0.0,2.0,2.0,1.0,0.0,0.0,1,0,2,23,0.08695652173913043,0.0909
escherichia_coli,sgolfbr2c5,region_viii_eastern_visayas,ormoc,larrazabal,fish_banak,2,5,neg,4,r,≤2,s,,s,≥64,r,4,s,≤0.25,s,,s,≤0.5,s,≤1,s,,s,≤0.25,s,≤2,s,≤1,s,≤2,s,,,≤0.12,s,≤0.5,s,≤0.12,s,≥16,r,≥16,r,64,i,4,s,≤20,s,4.0,22.0,0.1818,2.0,0.0,0.0,2.0,0.0,0.0,0.0,0.0,0.0,0.0,0.0,0.0,0.0,0.0,0.0,0.0,0.0,0.0,2.0,2.0,1.0,0.0,0.0,2,0,4,23,0.17391304347826086,0.1818
enterobacter_cloacae_complex,vcolfbr2c1,region_viii_eastern_visayas,ormoc,larrazabal,fish_banak,2,1,neg,,,>=32,r,,,>=64,r,>=65,r,2,s,,,4,i,2,s,,s,<=0.25,s,<=2,s,<=1,s,<=2,s,,,<=0.25,s,<=0.5,s,<=0.25,s,4,s,2,s,32,s,16,i,≤20,s,3.0,19.0,0.1579,2.0,2.0,0.0,2.0,2.0,0.0,0.0,1.0,0.0,0.0,0.0,0.0,0.0,0.0,0.0,0.0,0.0,0.0,0.0,0.0,0.0,1.0,0.0,1,0,4,23,0.17391304347826086,0.1579
escherichia_coli,ec_olfgr1c1,region_viii_eastern_visayas,ormoc,larrazabal,fish_gusaw,1,1,neg,8,s,≤2,s,,s,8,s,4,s,≤0.25,s,,s,2,s,≤1,s,,s,≤0.25,s,≤2,s,≤1,s,≤2,s,,,≤0.12,s,≤0.5,s,≤0.12,s,1,s,≤1,s,≤16,s,16,i,≤20,s,0.0,22.0,0.0,0.0,0.0,0.0,0.0,0.0,0.0,0.0,0.0,0.0,0.0,0.0,0.0,0.0,0.0,0.0,0.0,0.0,0.0,0.0,0.0,0.0,1.0,0.0,0,0,0,23,0.0,0.0
escherichia_coli,ec_olfgr1c2,region_viii_eastern_visayas,ormoc,larrazabal,fish_gusaw,1,2,neg,≥32,r,4,s,,s,8,s,4,s,≤0.25,s,,s,≤0.5,s,≤1,s,,s,≤0.25,s,≤2,s,≤1,s,≤2,s,,,≤0.12,s,≤0.5,s,≤0.12,s,8,i,≥16,r,≤16,s,≤2,s,≤20,s,2.0,22.0,0.0909,2.0,0.0,0.0,0.0,0.0,0.0,0.0,0.0,0.0,0.0,0.0,0.0,0.0,0.0,0.0,0.0,0.0,0.0,1.0,2.0,0.0,0.0,0.0,2,0,2,23,0.08695652173913043,0.0909
klebsiella_pneumoniae_ssp_pneumoniae,ec_olfgr1c8,region_viii_eastern_visayas,ormoc,larrazabal,fish_gusaw,1,8,neg,≥32,r,≤2,s,,s,≤4,s,≤2,s,≤0.25,s,,s,1,s,,,,s,≤0.25,s,≤2,s,≤1,s,≤2,s,,,≤0.12,s,≤0.5,s,≤0.12,s,,,≤1,s,32,s,4,s,≤20,s,1.0,22.0,0.0455,2.0,0.0,0.0,0.0,0.0,0.0,0.0,0.0,0.0,0.0,0.0,0.0,0.0,0.0,0.0,0.0,0.0,0.0,0.0,0.0,0.0,0.0,0.0,1,0,1,23,0.043478260869565216,0.0455
klebsiella_pneumoniae_ssp_pneumoniae,ec_olfgr2c1,region_viii_eastern_visayas,ormoc,larrazabal,fish_gusaw,2,1,pos,≥32,r,4,s,,r,≥64,r,≥64,r,≥8,r,,,≥8,r,≥8,r,,s,≤0.25,s,≤2,s,≤1,s,≤2,s,,,,,≤0.5,s,0.25,s,,,≤1,s,32,s,≤2,s,≥320,r,8.0,19.0,0.4211,2.0,0.0,2.0,2.0,2.0,2.0,0.0,2.0,2.0,0.0,0.0,0.0,0.0,0.0,0.0,0.0,0.0,0.0,0.0,0.0,0.0,0.0,2.0,1,0,8,23,0.34782608695652173,0.4211
escherichia_coli,ec_olfgr3c1,region_viii_eastern_visayas,ormoc,larrazabal,fish_gusaw,3,1,neg,≤2*,r,≤2,s,,s,≥64,r,4,s,≤0.25,s,,s,≤0.5,s,4,i,,s,≤0.25,s,≤2,s,≤1,s,≤2,s,,,1,i,≤0.5,s,≤0.12,s,1,s,≤1,s,≤16,s,4,s,≤20,s,2.0,22.0,0.0909,2.0,0.0,0.0,2.0,0.0,0.0,0.0,0.0,1.0,0.0,0.0,0.0,0.0,0.0,0.0,1.0,0.0,0.0,0.0,0.0,0.0,0.0,0.0,1,0,2,23,0.08695652173913043,0.0909
klebsiella_pneumoniae_ssp_pneumoniae,ec_olfgr3c8,region_viii_eastern_visayas,ormoc,larrazabal,fish_gusaw,3,8,neg,≥32,r,≤2,s,,s,≥64,r,4,s,≤0.25,s,,s,1,s,≥8,r,,s,≤0.25,s,≤2,s,≤1,s,≤2,s,,,1,i,≤0.5,s,≤0.12,s,1,s,≤1,s,≤16,s,≤2,s,≤20,s,3.0,22.0,0.1364,2.0,0.0,0.0,2.0,0.0,0.0,0.0,0.0,2.0,0.0,0.0,0.0,0.0,0.0,0.0,1.0,0.0,0.0,0.0,0.0,0.0,0.0,0.0,1,0,3,23,0.13043478260869565,0.1364
klebsiella_pneumoniae_ssp_pneumoniae,ec_mddwr1c1,barmm,marawi_city,dayawan,drinking_water,1,1,neg,>=32,r,<=2,s,,s,>=4,s,>=2,s,<=0.25,s,,s,1,s,<=1,s,,s,<=0.25,s,<=2,s,<=1,s,<=2,s,,,<=0.12,s,<=0.5,s,<=0.12,s,1,s,<=1,s,64,i,<=2,s,<=20,s,1.0,22.0,0.05,2.0,0.0,0.0,0.0,0.0,0.0,0.0,0.0,0.0,0.0,0.0,0.0,0.0,0.0,0.0,0.0,0.0,0.0,0.0,0.0,1.0,0.0,0.0,1,0,1,23,0.043478260869565216,0.05
klebsiella_pneumoniae_ssp_pneumoniae,ec_mddwr1c2,barmm,marawi_city,dayawan,drinking_water,1,2,neg,16,r,4,s,,s,<=4,s,<=2,s,<=0.25,s,,s,1,s,<=1,s,,s,,s,<=2,s,<=1,s,<=2,s,,,<=2,s,<=0.5,s,<=0.12,s,1,s,<=1,s,32,s,<=2,s,<=20,s,1.0,22.0,0.0455,2.0,0.0,0.0,0.0,0.0,0.0,0.0,0.0,0.0,0.0,0.0,0.0,0.0,0.0,0.0,0.0,0.0,0.0,0.0,0.0,0.0,0.0,0.0,1,0,1,23,0.043478260869565216,0.0455
klebsiella_pneumoniae_ssp_pneumoniae,ec_mddwr2c3,barmm,marawi_city,dayawan,drinking_water,2,3,neg,16,r,<=2,s,,s,<=4,s,<=2,s,<=0.25,s,,s,<=0.5,s,<=1,s,,s,<=0.25,s,<=2,s,<=1,s,<=2,s,,,<=0.12,s,<=0.5,s,<=0.12,s,1,s,<=1,s,32,s,<=2,s,<=20,s,1.0,22.0,0.0455,2.0,0.0,0.0,0.0,0.0,0.0,0.0,0.0,0.0,0.0,0.0,0.0,0.0,0.0,0.0,0.0,0.0,0.0,0.0,0.0,0.0,0.0,0.0,1,0,1,23,0.043478260869565216,0.0455
klebsiella_pneumoniae_ssp_pneumoniae,sal_mddwr2c1,barmm,marawi_city,dayawan,drinking_water,2,1,neg,>=32,r,4,s,,,>=64,r,>=64,r,>=8,r,,,>=8,r,>=8,r,,,<=0.25,s,<=2,s,<=1,s,<=2,s,,,<=2,i,<=0.5,s,<=0.12,s,>=16,r,>=16,r,128,r,8,s,8,s,9.0,19.0,0.4737,2.0,0.0,0.0,2.0,2.0,2.0,0.0,2.0,2.0,0.0,0.0,0.0,0.0,0.0,0.0,1.0,0.0,0.0,2.0,2.0,2.0,0.0,0.0,3,1,9,23,0.391304347826087,0.4737
escherichia_coli,sal_mddwr2c2,barmm,marawi_city,dayawan,drinking_water,2,2,neg,<=2,s,<=2,s,,s,8,s,8,s,<=0.25,s,,s,<=0.5,s,<=1,s,,s,<=0.25,s,<=2,s,<=1,s,<=2,s,,,<=0.12,s,<=0.5,s,<=0.12,s,2,s,<=1,s,<=1,i,4,s,<=20,s,0.0,22.0,0.0,0.0,0.0,0.0,0.0,0.0,0.0,0.0,0.0,0.0,0.0,0.0,0.0,0.0,0.0,0.0,0.0,0.0,0.0,0.0,0.0,1.0,0.0,0.0,0,0,0,23,0.0,0.0
enterobacter_cloacae_complex,ec_mdlwr1c1,barmm,marawi_city,dayawan,lake_water,1,1,,,,<=2,s,,,>=4,s,<=2,s,<=0.25,s,,s,<=0.5,s,<=1,s,,,<=0.25,s,<=2,s,<=1,s,<=2,s,,,<=0.12,s,<=0.5,s,<=0.12,s,<=0.5,s,<=1,s,<=16,s,<=2,s,<=20,s,0.0,19.0,0.0,2.0,0.0,0.0,0.0,0.0,0.0,0.0,0.0,0.0,0.0,0.0,0.0,0.0,0.0,0.0,0.0,0.0,0.0,0.0,0.0,0.0,0.0,0.0,1,0,1,23,0.043478260869565216,0.0
klebsiella_pneumoniae_ssp_pneumoniae,ec_mdlwr1c6,barmm,marawi_city,dayawan,lake_water,1,6,neg,16,r,8,s,,s,>=4,s,<=2,s,<=0.25,s,,s,1,s,<=1,s,,s,<=0.5,s,<=2,s,<=1,s,<=2,s,,,<=0.12,s,<=0.5,s,<=0.12,s,1,s,<=1,s,64,i,4,s,<=20,s,1.0,22.0,0.0455,2.0,0.0,0.0,0.0,0.0,0.0,0.0,0.0,0.0,0.0,0.0,0.0,0.0,0.0,0.0,0.0,0.0,0.0,0.0,0.0,1.0,0.0,0.0,1,0,1,23,0.043478260869565216,0.0455
enterobacter_cloacae_complex,ec_mdlwr1c12,barmm,marawi_city,dayawan,lake_water,1,12,,,,<=32,r,,,>=64,r,>=64,r,2,s,,,>=8,r,2,s,,s,1,s,<=2,s,<=1,s,<=2,s,,,<=0.12,s,<=0.5,s,<=0.12,s,4,s,2,s,64,i,8,s,<=20,s,4.0,19.0,0.2105,2.0,2.0,0.0,2.0,2.0,0.0,0.0,2.0,0.0,0.0,0.0,0.0,0.0,0.0,0.0,0.0,0.0,0.0,0.0,0.0,1.0,0.0,0.0,1,0,5,23,0.21739130434782608,0.2105
enterobacter_cloacae_complex,ec_mdlwr2c4,barmm,marawi_city,dayawan,lake_water,2,4,,,,<=2,r,,,>=64,r,32,r,<=0.25,s,,s,<=0.5,s,<=1,s,,s,0.5,s,<=2,s,<=1,s,<=2,s,,,<=0.12,s,<=0.5,s,<=0.12,s,1,s,<=1,s,64,i,<=2,s,<=20,s,3.0,20.0,0.15,2.0,2.0,0.0,2.0,2.0,0.0,0.0,0.0,0.0,0.0,0.0,0.0,0.0,0.0,0.0,0.0,0.0,0.0,0.0,0.0,1.0,0.0,0.0,1,0,4,23,0.17391304347826086,0.15
klebsiella_pneumoniae_ssp_pneumoniae,ec_mdlwr2c8,barmm,marawi_city,dayawan,lake_water,2,8,neg,>=32,r,8,s,,s,<=4,s,<=2,s,<=0.25,s,,s,<=0.5,s,<=1,s,,s,<=0.25,s,<=2,s,<=1,s,<=2,s,,,<=0.12,s,<=0.5,s,<=0.12,s,1,s,<=1,s,<=16,s,<=2,s,<=20,s,1.0,22.0,0.0455,2.0,0.0,0.0,0.0,0.0,0.0,0.0,0.0,0.0,0.0,0.0,0.0,0.0,0.0,0.0,0.0,0.0,0.0,0.0,0.0,0.0,0.0,0.0,1,0,1,23,0.043478260869565216,0.0455
klebsiella_pneumoniae_ssp_pneumoniae,ec_mdlwr2c9,barmm,marawi_city,dayawan,lake_water,2,9,neg,>=32,r,8,s,,s,<=4,s,<=2,s,<=0.25,s,,s,1,s,<=1,s,,s,<=0.25,s,<=2,s,<=1,s,<=2,s,,,<=0.12,s,<=0.5,s,<=0.12,s,1,s,<=1,s,<=16,s,<=2,s,<=20,s,1.0,22.0,0.0455,2.0,0.0,0.0,0.0,0.0,0.0,0.0,0.0,0.0,0.0,0.0,0.0,0.0,0.0,0.0,0.0,0.0,0.0,0.0,0.0,0.0,0.0,0.0,1,0,1,23,0.043478260869565216,0.0455
enterobacter_cloacae_complex,ec_mdlwr2c12,barmm,marawi_city,dayawan,lake_water,2,12,,,,>=32,r,,,>=64,r,>=64,r,0.5,s,,s,2,s,<=1,s,,s,1,s,<=2,s,<=1,s,trm,,,,<=0.12,s,<=0.5,s,<=0.12,s,1,s,<=1,s,<=16,s,<=2,s,<=20,s,3.0,19.0,0.1579,2.0,2.0,0.0,2.0,2.0,0.0,0.0,0.0,0.0,0.0,0.0,0.0,0.0,0.0,0.0,0.0,0.0,0.0,0.0,0.0,0.0,0.0,0.0,1,0,4,23,0.17391304347826086,0.1579
escherichia_coli,ec_mdftr1c2,barmm,marawi_city,dayawan,fish_tilapia,1,2,neg,>=32,r,<=2,s,,s,8,s,4,s,<=0.25,s,,s,<=0.5,s,<=1,s,,s,<=0.25,s,<=2,s,<=1,s,<=2,s,,,<=0.12,s,<=0.5,s,<=0.12,s,1,s,<=1,s,<=16,s,4,s,<=20,s,1.0,22.0,0.0455,2.0,0.0,0.0,0.0,0.0,0.0,0.0,0.0,0.0,0.0,0.0,0.0,0.0,0.0,0.0,0.0,0.0,0.0,0.0,0.0,0.0,0.0,0.0,1,0,1,23,0.043478260869565216,0.0455
escherichia_coli,ec_mdftr1c4,barmm,marawi_city,dayawan,fish_tilapia,1,4,neg,8,s,4,s,,s,8,s,4,s,0.5,s,,s,<=0.5,s,<=1,s,,s,<=0.25,s,<=2,s,<=1,s,<=2,s,,,<=0.12,s,<=0.5,s,<=0.12,s,8,i,>=16,r,<=16,s,16,i,<=20,s,1.0,22.0,0.0455,0.0,0.0,0.0,0.0,0.0,0.0,0.0,0.0,0.0,0.0,0.0,0.0,0.0,0.0,0.0,0.0,0.0,0.0,1.0,2.0,0.0,1.0,0.0,1,0,1,23,0.043478260869565216,0.0455
escherichia_coli,ec_mdftr1c7,barmm,marawi_city,dayawan,fish_tilapia,1,7,neg,<=2,s,<=2,s,,s,8,s,4,s,<=0.25,s,,s,<=0.5,s,<=1,s,,s,<=0.25,s,<=2,s,<=1,s,<=2,s,,,<=0.12,s,<=0.5,s,<=0.12,s,1,s,<=1,s,<=16,s,8,s,<=20,s,0.0,22.0,0.0,0.0,0.0,0.0,0.0,0.0,0.0,0.0,0.0,0.0,0.0,0.0,0.0,0.0,0.0,0.0,0.0,0.0,0.0,0.0,0.0,0.0,0.0,0.0,0,0,0,23,0.0,0.0
enterobacter_cloacae_complex,ec_mdftr1c8,barmm,marawi_city,dayawan,fish_tilapia,1,8,,,,4,s,,,>=64,r,>=64,r,<=0.25,s,,s,<=0.5,s,<=1,s,,s,1,s,<=2,s,<=1,s,<=2,s,,,<=0.12,s,<=0.5,s,<=0.12,s,2,s,<=1,s,32,s,4,s,<=20,s,3.0,20.0,0.15,2.0,0.0,0.0,2.0,2.0,0.0,0.0,0.0,0.0,0.0,0.0,0.0,0.0,0.0,0.0,0.0,0.0,0.0,0.0,0.0,0.0,0.0,0.0,1,0,3,23,0.13043478260869565,0.15
escherichia_coli,ec_mdftr1c9,barmm,marawi_city,dayawan,fish_tilapia,1,9,neg,<=2,s,<=2,s,,s,8,s,4,s,<=0.25,s,,s,<=0.5,s,<=1,s,,s,<=0.25,s,<=2,s,<=1,s,<=2,s,,,<=0.12,s,<=0.5,s,<=0.12,s,1,s,<=1,s,<=16,s,8,s,<=20,s,0.0,22.0,0.0,0.0,0.0,0.0,0.0,0.0,0.0,0.0,0.0,0.0,0.0,0.0,0.0,0.0,0.0,0.0,0.0,0.0,0.0,0.0,0.0,0.0,0.0,0.0,0,0,0,23,0.0,0.0
escherichia_coli,ec_mdftr1c11,barmm,marawi_city,dayawan,fish_tilapia,1,11,neg,4,s,<=2,s,,s,8,s,4,s,<=0.25,s,,s,<=0.5,s,<=1,s,,s,<=0.25,s,<=2,s,<=1,s,<=2,s,,,<=0.12,s,<=0.5,s,<=0.12,s,>=16,r,>=16,r,<=16,s,4,s,<=20,s,2.0,22.0,0.0909,0.0,0.0,0.0,0.0,0.0,0.0,0.0,0.0,0.0,0.0,0.0,0.0,0.0,0.0,0.0,0.0,0.0,0.0,2.0,2.0,0.0,0.0,0.0,1,0,2,23,0.08695652173913043,0.0909
enterobacter_cloacae_complex,ec_mdftr1c13,barmm,marawi_city,dayawan,fish_tilapia,1,13,,,,<=2,r,,,>=64,r,4*,r,<=0.25,s,,s,<=0.5,s,4,i,,s,<=0.25,s,<=2,s,<=1,s,<=2,s,,,<=0.12,s,<=0.5,s,<=0.12,s,>=16,r,4,s,<=16,s,4,s,<=20,s,4.0,20.0,0.2,2.0,2.0,0.0,2.0,2.0,0.0,0.0,0.0,1.0,0.0,0.0,0.0,0.0,0.0,0.0,0.0,0.0,0.0,2.0,0.0,0.0,0.0,0.0,2,0,5,23,0.21739130434782608,0.2
escherichia_coli,ec_mdftr1c15,barmm,marawi_city,dayawan,fish_tilapia,1,15,neg,4,s,<=2,s,,s,8,s,4,s,<=0.25,s,,s,<=0.5,s,<=1,s,,s,<=0.25,s,<=2,s,<=1,s,<=2,s,,,<=0.12,s,<=0.5,s,<=0.12,s,1,s,<=1,s,<=16,s,16,i,<=20,s,0.0,22.0,0.0,0.0,0.0,0.0,0.0,0.0,0.0,0.0,0.0,0.0,0.0,0.0,0.0,0.0,0.0,0.0,0.0,0.0,0.0,0.0,0.0,0.0,1.0,0.0,0,0,0,23,0.0,0.0
escherichia_coli,ec_mdftr1c16,barmm,marawi_city,dayawan,fish_tilapia,1,16,neg,>=32,r,16,s,,,>=64,r,>=64,r,>=8,s,,,4,i,4,i,,s,<=0.25,s,<=2,s,<=1,s,<=2,s,,,0.5,s,<=0.5,s,0.5,i,>=16,r,8,i,<=16,s,4,s,>=320,r,5.0,20.0,0.25,2.0,0.0,0.0,2.0,2.0,0.0,0.0,1.0,1.0,0.0,0.0,0.0,0.0,0.0,0.0,0.0,0.0,1.0,2.0,1.0,0.0,0.0,2.0,2,0,5,23,0.21739130434782608,0.25
escherichia_coli,ec_mdftr1c17,barmm,marawi_city,dayawan,fish_tilapia,1,17,neg,>=32,r,4,s,,,>=64,r,>=64,r,0.5,s,,,<=0.5,s,<=1,s,,,<=0.25,s,<=2,s,<=1,s,<=2,s,,,<=0.12,s,<=0.5,s,<=0.12,s,>=16,r,2,s,<=16,s,>=64,r,>=320,r,6.0,19.0,0.3158,2.0,0.0,0.0,2.0,2.0,0.0,0.0,0.0,0.0,0.0,0.0,0.0,0.0,0.0,0.0,0.0,0.0,0.0,2.0,0.0,0.0,2.0,2.0,3,1,6,23,0.2608695652173913,0.3158
escherichia_coli,ec_mdftr1c18,barmm,marawi_city,dayawan,fish_tilapia,1,18,neg,8,s,4,s,,s,8,s,16,i,0.5,s,,s,<=0.5,s,<=1,s,,s,<=0.25,s,<=2,s,<=1,s,<=2,s,,,<=0.12,s,<=0.5,s,<=0.12,s,2,s,<=1,s,<=16,s,16,i,<=20,s,0.0,22.0,0.0,0.0,0.0,0.0,0.0,1.0,0.0,0.0,0.0,0.0,0.0,0.0,0.0,0.0,0.0,0.0,0.0,0.0,0.0,0.0,0.0,0.0,1.0,0.0,0,0,0,23,0.0,0.0
escherichia_coli,ec_mdftr2c3,barmm,marawi_city,dayawan,fish_tilapia,2,3,neg,>=32,r,<=2,s,,,>=64,r,>=64,r,4,i,,,>=8,r,>=8,r,,,>=16,r,<=2,s,<=1,s,<=2,s,,,<=0.12,s,<=0.5,s,<=0.12,s,1,s,<=1,s,<=16,s,8,s,<=20,s,6.0,19.0,0.3158,2.0,0.0,0.0,2.0,2.0,1.0,0.0,2.0,2.0,0.0,2.0,0.0,0.0,0.0,0.0,0.0,0.0,0.0,0.0,0.0,0.0,0.0,0.0,2,0,6,23,0.2608695652173913,0.3158
escherichia_coli,ec_mdftr2c6,barmm,marawi_city,dayawan,fish_tilapia,2,6,neg,<=2,s,<=2,s,,s,8,s,4,s,<=0.25,s,,s,<=0.5,s,<=1,s,,s,<=0.25,s,<=2,s,<=1,s,<=2,s,,,<=0.12,s,<=0.5,s,<=0.12,s,1,s,<=1,s,<=16,s,8,s,<=20,s,0.0,22.0,0.0,0.0,0.0,0.0,0.0,0.0,0.0,0.0,0.0,0.0,0.0,0.0,0.0,0.0,0.0,0.0,0.0,0.0,0.0,0.0,0.0,0.0,0.0,0.0,0,0,0,23,0.0,0.0
escherichia_coli,ec_mdftr2c7,barmm,marawi_city,dayawan,fish_tilapia,2,7,neg,<=2,s,<=2,s,,s,8,s,16,i,0.5,s,,s,1,s,<=1,s,,s,<=0.25,s,<=2,s,<=1,s,<=2,s,,,<=0.12,s,<=0.5,s,<=0.12,s,1,s,<=1,s,<=16,s,8,s,<=20,s,0.0,22.0,0.0,0.0,0.0,0.0,0.0,1.0,0.0,0.0,0.0,0.0,0.0,0.0,0.0,0.0,0.0,0.0,0.0,0.0,0.0,0.0,0.0,0.0,0.0,0.0,0,0,0,23,0.0,0.0
escherichia_coli,ec_mdftr2c8,barmm,marawi_city,dayawan,fish_tilapia,2,8,neg,>=32,r,4,s,,s,8,s,8,s,<=0.25,s,,s,<=0.5,s,<=1,s,,s,<=0.25,s,<=2,s,<=1,s,<=2,s,,,<=0.12,s,<=0.5,s,<=0.12,s,>=16,r,8,i,<=16,s,8,s,<=20,s,2.0,22.0,0.0909,2.0,0.0,0.0,0.0,0.0,0.0,0.0,0.0,0.0,0.0,0.0,0.0,0.0,0.0,0.0,0.0,0.0,0.0,2.0,1.0,0.0,0.0,0.0,2,0,2,23,0.08695652173913043,0.0909
escherichia_coli,ec_mdftr2c10,barmm,marawi_city,dayawan,fish_tilapia,2,10,neg,4,s,<=2,s,,s,8,s,16,i,0.5,s,,s,<=0.5,s,<=1,s,,s,<=0.25,s,<=2,s,<=1,s,<=2,s,,,<=0.12,s,<=0.5,s,<=0.12,s,1,s,<=1,s,<=16,s,16,i,<=20,s,0.0,22.0,0.0,0.0,0.0,0.0,0.0,1.0,0.0,0.0,0.0,0.0,0.0,0.0,0.0,0.0,0.0,0.0,0.0,0.0,0.0,0.0,0.0,0.0,1.0,0.0,0,0,0,23,0.0,0.0
enterobacter_aerogenes,ec_mdftr2c14,barmm,marawi_city,dayawan,fish_tilapia,2,14,,,,<=2,s,,s,>=64,r,4*,r,<=0.25,s,,s,<=0.5,s,<=1,s,,s,<=0.25,s,<=2,s,<=1,s,<=2,s,,,1,i,<=0.5,s,<=0.12,s,>=16,r,>=16,r,<=16,s,4,s,<=20,s,5.0,19.0,0.2632,2.0,0.0,0.0,2.0,2.0,0.0,0.0,0.0,0.0,0.0,0.0,0.0,0.0,0.0,0.0,1.0,0.0,0.0,2.0,2.0,0.0,0.0,0.0,2,0,5,23,0.21739130434782608,0.2632
escherichia_coli,ec_mdftr2c15,barmm,marawi_city,dayawan,fish_tilapia,2,15,,,r,,s,,s,,s,,s,,s,,s,,s,,s,,s,,s,,s,,s,,s,,,,s,,s,,s,,s,,s,,s,,s,,s,1.0,22.0,0.0455,2.0,0.0,0.0,0.0,0.0,0.0,0.0,0.0,0.0,0.0,0.0,0.0,0.0,0.0,0.0,0.0,0.0,0.0,0.0,0.0,0.0,0.0,0.0,1,0,1,23,0.043478260869565216,0.0455
enterobacter_aerogenes,ec_mdftr2c16,barmm,marawi_city,dayawan,fish_tilapia,2,16,,,,4,s,,,>=64,r,>=64,r,4,i,,,>=8,r,4,i,,s,<=0.25,s,<=2,s,<=1,s,<=2,s,,,1,i,<=0.5,s,0.25,s,>=16,r,8,i,<=16,s,>=64,r,>=320,r,7.0,19.0,0.3684,2.0,0.0,0.0,2.0,2.0,1.0,0.0,2.0,1.0,0.0,0.0,0.0,0.0,0.0,0.0,1.0,0.0,0.0,2.0,1.0,0.0,2.0,2.0,3,1,7,23,0.30434782608695654,0.3684
escherichia_coli,ec_mdftr3c1,barmm,marawi_city,dayawan,fish_tilapia,3,1,neg,<=2,s,<=2,s,,s,8,s,4,s,<=0.25,s,,s,<=0.5,s,<=1,s,,s,<=0.25,s,<=2,s,<=1,s,<=2,s,,,<=0.12,s,<=0.5,s,<=0.12,s,1,s,<=1,s,<=16,s,8,s,<=20,s,0.0,22.0,0.0,0.0,0.0,0.0,0.0,0.0,0.0,0.0,0.0,0.0,0.0,0.0,0.0,0.0,0.0,0.0,0.0,0.0,0.0,0.0,0.0,0.0,0.0,0.0,0,0,0,23,0.0,0.0
klebsiella_pneumoniae_ssp_pneumoniae,ec_mdftr3c8,barmm,marawi_city,dayawan,fish_tilapia,3,8,neg,>=32,r,<=2,s,,s,>=64,r,>=64,r,<=0.25,s,,s,<=0.5,s,<=1,s,,s,1,s,<=2,s,<=1,s,<=2,s,,,1,i,1,s,0.5,i,>=16,r,>=16,r,32,s,4,s,>=320,r,6.0,22.0,0.2727,2.0,0.0,0.0,2.0,2.0,0.0,0.0,0.0,0.0,0.0,0.0,0.0,0.0,0.0,0.0,1.0,0.0,1.0,2.0,2.0,0.0,0.0,2.0,2,0,6,23,0.2608695652173913,0.2727
klebsiella_pneumoniae_ssp_pneumoniae,ec_mdftr3c10,barmm,marawi_city,dayawan,fish_tilapia,3,10,neg,>=32,r,4,s,,s,<=4,s,<=2,s,<=0.25,s,,s,<=0.5,s,<=1,s,,s,0.5,s,<=2,s,<=1,s,<=2,s,,,1,i,1,s,0.5,i,>=16,r,>=16,r,64,i,4,s,>=320,r,4.0,22.0,0.1818,2.0,0.0,0.0,0.0,0.0,0.0,0.0,0.0,0.0,0.0,0.0,0.0,0.0,0.0,0.0,1.0,0.0,1.0,2.0,2.0,1.0,0.0,2.0,2,0,4,23,0.17391304347826086,0.1818
klebsiella_pneumoniae_ssp_pneumoniae,ec_mdftr3c16,barmm,marawi_city,dayawan,fish_tilapia,3,16,neg,16,r,8,s,,s,>=64*,r,<=2,s,<=0.25,s,,s,<=0.5,s,<=1,s,,s,0.5,s,<=2,s,<=1,s,<=2,s,,,<=0.12,s,<=0.5,s,<=0.12,s,1,s,<=1,s,32,s,4,s,<=20,s,2.0,22.0,0.0909,2.0,0.0,0.0,2.0,0.0,0.0,0.0,0.0,0.0,0.0,0.0,0.0,0.0,0.0,0.0,0.0,0.0,0.0,0.0,0.0,0.0,0.0,0.0,1,0,2,23,0.08695652173913043,0.0909
escherichia_coli,ec_mdftr3c17,barmm,marawi_city,dayawan,fish_tilapia,3,17,neg,>=32,r,4,s,,,>=64,r,>=64,r,1,s,,,4,i,4,i,,,<=0.25,s,<=2,s,<=1,s,<=2,s,,,0.5,s,<=0.5,s,0.25,s,>=16,r,>=16,r,<=16,s,>=64,r,>=320,r,7.0,19.0,0.3684,2.0,0.0,0.0,2.0,2.0,0.0,0.0,1.0,1.0,0.0,0.0,0.0,0.0,0.0,0.0,0.0,0.0,0.0,2.0,2.0,0.0,2.0,2.0,3,1,7,23,0.30434782608695654,0.3684
escherichia_coli,ec_mdftr3c18,barmm,marawi_city,dayawan,fish_tilapia,3,18,neg,>=32,r,4,s,,s,>=64,r,4,s,<=0.25,s,,s,<=0.5,s,2,s,,s,<=0.25,s,<=2,s,<=1,s,<=2,s,,,0.5,s,<=0.5,s,<=0.12,s,>=16,r,>=16,r,<=16,s,>=64,r,>=320,r,6.0,22.0,0.2727,2.0,0.0,0.0,2.0,0.0,0.0,0.0,0.0,0.0,0.0,0.0,0.0,0.0,0.0,0.0,0.0,0.0,0.0,2.0,2.0,0.0,2.0,2.0,3,1,6,23,0.2608695652173913,0.2727
salmonella_enterica_spp_diarizonae,sal_mdftr2c1,barmm,marawi_city,dayawan,fish_tilapia,2,1,,8*,r,16,s,,,32,r,8,r,1,s,,,4,i,4,i,,s,1,s,4,r,<=1,r,<=2,s,,,1,i,1,s,0.5,i,2,s,<=1,s,<=16,s,32,r,<=20,s,6.0,20.0,0.3,2.0,0.0,0.0,2.0,2.0,0.0,0.0,1.0,1.0,0.0,0.0,2.0,2.0,0.0,0.0,1.0,0.0,1.0,0.0,0.0,0.0,2.0,0.0,3,1,6,23,0.2608695652173913,0.3
salmonella_enterica_spp_diarizonae,sal_mdftr2c5,barmm,marawi_city,dayawan,fish_tilapia,2,5,,4*,r,<=2,s,,,32,r,8,r,1,s,,,4,i,4,i,,s,<=0.25,s,<=2,r,<=1,r,<=2,s,,,1,i,1,s,0.25,s,1,s,<=1,s,<=16,s,16,i,<=20,s,5.0,20.0,0.25,2.0,0.0,0.0,2.0,2.0,0.0,0.0,1.0,1.0,0.0,0.0,2.0,2.0,0.0,0.0,1.0,0.0,0.0,0.0,0.0,0.0,1.0,0.0,2,0,5,23,0.21739130434782608,0.25
escherichia_coli,sal_mdftr3c6,barmm,marawi_city,dayawan,fish_tilapia,3,6,pos,>=32,r,4,s,,r,<=64,r,<=64,r,4,i,,,>=8,r,>=8,r,,s,<=0.25,s,<=2,s,<=1,s,16,i,,,>=4,r,>=4,r,>=4,r,>=16,r,>=16,r,<=16,s,8,s,<=320,r,11.0,21.0,0.5238,2.0,0.0,2.0,2.0,2.0,1.0,0.0,2.0,2.0,0.0,0.0,0.0,0.0,1.0,0.0,2.0,2.0,2.0,2.0,2.0,0.0,0.0,2.0,3,1,12,23,0.5217391304347826,0.5238
escherichia_coli,vc_mdftr1c1,barmm,marawi_city,dayawan,fish_tilapia,1,1,neg,>=32,r,4,s,,s,8,s,4,s,<=0.25,s,,s,<=0.5,s,<=1,s,,s,<=0.25,s,<=2,s,<=1,s,<=2,s,,,0.5,s,<=0.5,s,0.25,s,8,i,>=16,r,<=16,s,4,s,<=20,s,2.0,22.0,0.0909,2.0,0.0,0.0,0.0,0.0,0.0,0.0,0.0,0.0,0.0,0.0,0.0,0.0,0.0,0.0,0.0,0.0,0.0,1.0,2.0,0.0,0.0,0.0,2,0,2,23,0.08695652173913043,0.0909
klebsiella_pneumoniae_ssp_pneumoniae,vc_mdftr3c1,barmm,marawi_city,dayawan,fish_tilapia,3,1,neg,>=32,r,16,s,,s,>=64,r,>=64,r,<=0.25,s,,,4,i,2,s,,s,<=0.25,s,<=2,s,<=1,s,<=2,s,,,1,i,<=0.5,s,0.25,s,>=16,r,>=16,r,<=16,s,>=64,r,<=320,r,7.0,21.0,0.3333,2.0,0.0,0.0,2.0,2.0,0.0,0.0,1.0,0.0,0.0,0.0,0.0,0.0,0.0,0.0,1.0,0.0,0.0,2.0,2.0,0.0,2.0,2.0,3,1,7,23,0.30434782608695654,0.3333
escherichia_coli,vc_mdftr3c4,barmm,marawi_city,dayawan,fish_tilapia,3,4,neg,4,s,<=2,s,,s,8,s,4,s,<=0.25,s,,s,<=0.5,s,<=1,s,,s,<=0.25,s,<=2,s,<=1,s,<=2,s,,,<=0.12,s,<=0.5,s,<=0.12,s,1,s,<=1,s,<=16,s,8,s,<=20,s,0.0,22.0,0.0,0.0,0.0,0.0,0.0,0.0,0.0,0.0,0.0,0.0,0.0,0.0,0.0,0.0,0.0,0.0,0.0,0.0,0.0,0.0,0.0,0.0,0.0,0.0,0,0,0,23,0.0,0.0
klebsiella_pneumoniae_ssp_pneumoniae,ec_mdfkr1c3,barmm,marawi_city,dayawan,fish_kaolang,1,3,neg,>=32,r,4,s,,s,<=4,s,<=2,s,<=0.25,s,,s,<=0.5,s,<=1,s,,s,0.5,s,<=2,s,<=1,s,<=2,s,,,<=0.12,s,<=0.5,s,<=0.12,s,1,s,<=1,s,64,i,<=2,s,<=20,s,1.0,22.0,0.0455,2.0,0.0,0.0,0.0,0.0,0.0,0.0,0.0,0.0,0.0,0.0,0.0,0.0,0.0,0.0,0.0,0.0,0.0,0.0,0.0,1.0,0.0,0.0,1,0,1,23,0.043478260869565216,0.0455
klebsiella_pneumoniae_ssp_pneumoniae,ec_mdfkr1c4,barmm,marawi_city,dayawan,fish_kaolang,1,4,neg,>=32,r,4,s,,s,<=4,s,<=2,s,<=0.25,s,,s,<=0.5,s,<=1,s,,s,0.5,s,<=2,s,<=1,s,<=2,s,,,<=0.12,s,<=0.5,s,<=0.12,s,1,s,<=1,s,64,i,<=2,s,<=20,s,1.0,22.0,0.0455,2.0,0.0,0.0,0.0,0.0,0.0,0.0,0.0,0.0,0.0,0.0,0.0,0.0,0.0,0.0,0.0,0.0,0.0,0.0,0.0,1.0,0.0,0.0,1,0,1,23,0.043478260869565216,0.0455
escherichia_coli,ec_mdfkr2c1,barmm,marawi_city,dayawan,fish_kaolang,2,1,neg,<=2,s,<=2,s,,s,8,s,4,s,<=0.25,s,,s,<=0.5,s,<=1,s,,s,<=0.25,s,<=2,s,<=1,s,<=2,s,,,<=0.12,s,<=0.5,s,<=0.12,s,1,s,<=1,s,<=16,s,4,s,<=20,s,0.0,22.0,0.0,0.0,0.0,0.0,0.0,0.0,0.0,0.0,0.0,0.0,0.0,0.0,0.0,0.0,0.0,0.0,0.0,0.0,0.0,0.0,0.0,0.0,0.0,0.0,0,0,0,23,0.0,0.0
klebsiella_pneumoniae_ssp_pneumoniae,ec_mdfkr2c4,barmm,marawi_city,dayawan,fish_kaolang,2,4,neg,>=32,r,4,s,,s,8,s,4,s,<=0.25,s,,,<=0.5,s,<=1,s,,s,<=0.25,s,<=2,s,<=1,s,<=2,s,,,1,i,<=0.5,s,0.5,i,>=16,r,>=16,r,32,s,4,s,<=20,s,3.0,22.0,0.1364,2.0,0.0,0.0,0.0,0.0,0.0,0.0,0.0,0.0,0.0,0.0,0.0,0.0,0.0,0.0,1.0,0.0,1.0,2.0,2.0,0.0,0.0,0.0,2,0,3,23,0.13043478260869565,0.1364
klebsiella_pneumoniae_ssp_pneumoniae,ec_mdfkr2c6,barmm,marawi_city,dayawan,fish_kaolang,2,6,neg,>=32,r,<=2,s,,s,<=4,s,<=2,s,<=0.25,s,,s,<=0.5,s,<=1,s,,s,<=0.25,s,<=2,s,<=1,s,<=2,s,,,<=0.12,s,<=0.5,s,<=0.12,s,>=16,r,2*,i,32,s,4,s,<=20,s,2.0,22.0,0.0909,2.0,0.0,0.0,0.0,0.0,0.0,0.0,0.0,0.0,0.0,0.0,0.0,0.0,0.0,0.0,0.0,0.0,0.0,2.0,1.0,0.0,0.0,0.0,2,0,2,23,0.08695652173913043,0.0909
klebsiella_pneumoniae_ssp_pneumoniae,ec_mdfkr3c1,barmm,marawi_city,dayawan,fish_kaolang,3,1,neg,>=32,r,<=2,s,,s,<=4,s,<=2,s,<=0.25,s,,s,<=0.5,s,<=1,s,,s,<=0.25,s,<=2,s,<=1,s,<=2,s,,,<=0.12,s,<=0.5,s,<=0.12,s,1,s,<=1,s,32,s,<=2,s,<=20,s,1.0,22.0,0.0455,2.0,0.0,0.0,0.0,0.0,0.0,0.0,0.0,0.0,0.0,0.0,0.0,0.0,0.0,0.0,0.0,0.0,0.0,0.0,0.0,0.0,0.0,0.0,1,0,1,23,0.043478260869565216,0.0455
klebsiella_pneumoniae_ssp_pneumoniae,ec_mdfkr3c2,barmm,marawi_city,dayawan,fish_kaolang,3,2,neg,>=32,r,<=2,s,,s,<=4,s,<=2,s,<=0.25,s,,s,<=0.5,s,<=1,s,,s,0.5,s,<=2,s,<=1,s,<=2,s,,,<=0.12,s,<=0.5,s,<=0.12,s,1,s,<=1,s,64,i,4,s,<=20,s,1.0,22.0,0.0455,2.0,0.0,0.0,0.0,0.0,0.0,0.0,0.0,0.0,0.0,0.0,0.0,0.0,0.0,0.0,0.0,0.0,0.0,0.0,0.0,1.0,0.0,0.0,1,0,1,23,0.043478260869565216,0.0455
escherichia_coli,ec_mdfkr3c4,barmm,marawi_city,dayawan,fish_kaolang,3,4,neg,>=32,r,<=2,s,,s,8,s,8,s,<=0.25,s,,s,<=0.5,s,<=1,s,,s,<=0.25,s,<=2,s,<=1,s,<=2,s,,,0.5,s,<=0.5,s,<=0.12,s,>=16,r,>=16,r,<=16,s,>=64,r,<=20,s,4.0,22.0,0.1818,2.0,0.0,0.0,0.0,0.0,0.0,0.0,0.0,0.0,0.0,0.0,0.0,0.0,0.0,0.0,0.0,0.0,0.0,2.0,2.0,0.0,2.0,0.0,3,1,4,23,0.17391304347826086,0.1818
escherichia_coli,ec_mdfkr3c5,barmm,marawi_city,dayawan,fish_kaolang,3,5,neg,4,s,<=2,s,,s,8,s,4,s,<=0.25,s,,s,<=0.5,s,<=1,s,,s,<=0.25,s,<=2,s,<=1,s,<=2,s,,,<=0.12,s,<=0.5,s,<=0.12,s,>=16,r,8,i,<=16,s,8,s,<=20,s,1.0,22.0,0.0455,0.0,0.0,0.0,0.0,0.0,0.0,0.0,0.0,0.0,0.0,0.0,0.0,0.0,0.0,0.0,0.0,0.0,0.0,2.0,1.0,0.0,0.0,0.0,1,0,1,23,0.043478260869565216,0.0455
escherichia_coli,sal_mdfkr3c4,barmm,marawi_city,dayawan,fish_kaolang,3,4,neg,<=2,s,<=2,s,,s,8,s,4,s,<=0.25,s,,s,<=0.5,s,<=1,s,,s,<=0.25,s,<=2,s,<=1,s,<=2,s,,,<=0.12,s,<=0.5,s,<=0.12,s,1,s,<=1,s,<=16,s,8,s,<=20,s,0.0,22.0,0.0,0.0,0.0,0.0,0.0,0.0,0.0,0.0,0.0,0.0,0.0,0.0,0.0,0.0,0.0,0.0,0.0,0.0,0.0,0.0,0.0,0.0,0.0,0.0,0,0,0,23,0.0,0.0
escherichia_coli,vc_mdfkr1c1,barmm,marawi_city,dayawan,fish_kaolang,1,1,neg,4,s,<=2,s,,s,8,s,4,s,<=0.25,s,,s,<=0.5,s,<=1,s,,s,<=0.25,s,<=2,s,<=1,s,<=2,s,,,<=0.12,s,<=0.5,s,<=0.12,s,>=16,r,8,i,<=16,s,4,s,<=20,s,1.0,22.0,0.0455,0.0,0.0,0.0,0.0,0.0,0.0,0.0,0.0,0.0,0.0,0.0,0.0,0.0,0.0,0.0,0.0,0.0,0.0,2.0,1.0,0.0,0.0,0.0,1,0,1,23,0.043478260869565216,0.0455
enterobacter_cloacae_complex,ec_mkdwr1c1,barmm,marawi_city,tuca_kialdan,drinking_water,1,1,,,,>=32,r,,,>=64,r,>=64,r,0.5,s,,s,<=0.5,s,<=1,s,,s,0.5,s,<=2,s,<=1,s,<=2,s,,,<=0.12,s,<=0.5,s,<=0.12,s,2,s,<=1,s,32,s,4,s,<=20,s,3.0,20.0,0.15,2.0,2.0,0.0,2.0,2.0,0.0,0.0,0.0,0.0,0.0,0.0,0.0,0.0,0.0,0.0,0.0,0.0,0.0,0.0,0.0,0.0,0.0,0.0,1,0,4,23,0.17391304347826086,0.15
klebsiella_pneumoniae_ssp_pneumoniae,ec_mkdwr1c3,barmm,marawi_city,tuca_kialdan,drinking_water,1,3,neg,16,r,4,s,,s,<=4,s,<=2,s,<=0.25,s,,s,<=0.5,s,<=1,s,,s,<=0.25,s,<=2,s,<=1,s,<=2,s,,,<=0.12,s,<=0.5,s,<=0.12,s,1,s,<=1,s,<=16,s,<=2,s,<=20,s,1.0,22.0,0.0455,2.0,0.0,0.0,0.0,0.0,0.0,0.0,0.0,0.0,0.0,0.0,0.0,0.0,0.0,0.0,0.0,0.0,0.0,0.0,0.0,0.0,0.0,0.0,1,0,1,23,0.043478260869565216,0.0455
escherichia_coli,ec_mkdwr1c7,barmm,marawi_city,tuca_kialdan,drinking_water,1,7,neg,>=32,r,4,s,,s,<=4,s,4,s,<=0.25,s,,s,<=0.5,s,<=1,s,,s,<=0.25,s,<=2,s,<=1,s,<=2,s,,,<=0.12,s,<=0.5,s,<=0.12,s,>=16,r,>=16,r,<=16,s,4,s,<=20,s,3.0,22.0,0.1364,2.0,0.0,0.0,0.0,0.0,0.0,0.0,0.0,0.0,0.0,0.0,0.0,0.0,0.0,0.0,0.0,0.0,0.0,2.0,2.0,0.0,0.0,0.0,2,0,3,23,0.13043478260869565,0.1364
escherichia_coli,ec_mkdwr2c3,barmm,marawi_city,tuca_kialdan,drinking_water,2,3,neg,>=32,r,4,s,,,16,s,4,s,<=0.25,s,,s,<=0.5,s,<=1,s,,s,<=0.25,s,<=2,s,<=1,s,<=2,s,,,<=0.12,s,<=0.5,s,<=0.12,s,>=16,r,>=16,r,<=16,s,4,s,>=320,r,4.0,21.0,0.1905,2.0,0.0,0.0,0.0,0.0,0.0,0.0,0.0,0.0,0.0,0.0,0.0,0.0,0.0,0.0,0.0,0.0,0.0,2.0,2.0,0.0,0.0,2.0,2,0,4,23,0.17391304347826086,0.1905
klebsiella_pneumoniae_ssp_pneumoniae,ec_mkdwr2c4,barmm,marawi_city,tuca_kialdan,drinking_water,2,4,neg,>=32,r,8,s,,s,8,s,16,i,<=0.25,s,,,<=0.5,s,<=1,s,,s,<=0.25,s,<=2,s,<=1,s,<=2,s,,,0.5,s,<=0.5,s,0.25,s,1,s,<=1,s,<=16,s,8,s,>=320,r,2.0,21.0,0.0952,2.0,0.0,0.0,0.0,1.0,0.0,0.0,0.0,0.0,0.0,0.0,0.0,0.0,0.0,0.0,0.0,0.0,0.0,0.0,0.0,0.0,0.0,2.0,1,0,2,23,0.08695652173913043,0.0952
escherichia_coli,ec_mkdwr2c8,barmm,marawi_city,tuca_kialdan,drinking_water,2,8,neg,8,s,<=2,s,,s,8,s,4,s,<=0.25,s,,s,1,s,<=1,s,,s,<=0.25,s,<=2,s,<=1,s,<=2,s,,,<=0.12,s,<=0.5,s,<=0.12,s,1,s,<=1,s,<=16,s,8,s,<=20,s,0.0,22.0,0.0,0.0,0.0,0.0,0.0,0.0,0.0,0.0,0.0,0.0,0.0,0.0,0.0,0.0,0.0,0.0,0.0,0.0,0.0,0.0,0.0,0.0,0.0,0.0,0,0,0,23,0.0,0.0
escherichia_coli,ec_mkdwr2c9,barmm,marawi_city,tuca_kialdan,drinking_water,2,9,neg,>=32,r,4,s,,s,8,s,8,s,<=0.25,s,,s,<=0.5,s,<=1,s,,s,<=0.25,s,<=2,s,<=1,s,<=2,s,,,<=0.12,s,<=0.5,s,<=0.12,s,>=16,r,>=16,r,<=16,s,8,s,<=20,s,3.0,22.0,0.1364,2.0,0.0,0.0,0.0,0.0,0.0,0.0,0.0,0.0,0.0,0.0,0.0,0.0,0.0,0.0,0.0,0.0,0.0,2.0,2.0,0.0,0.0,0.0,2,0,3,23,0.13043478260869565,0.1364
escherichia_coli,ec_mkdwr2c10,barmm,marawi_city,tuca_kialdan,drinking_water,2,10,neg,>=32,r,4,s,,s,8,s,4,s,<=0.25,s,,s,<=0.5,s,<=1,s,,s,<=0.25,s,<=2,s,<=1,s,<=2,s,,,<=0.12,s,<=0.5,s,<=0.12,s,>=16,r,>=16,r,<=16,s,4,s,>=320,r,4.0,22.0,0.1818,2.0,0.0,0.0,0.0,0.0,0.0,0.0,0.0,0.0,0.0,0.0,0.0,0.0,0.0,0.0,0.0,0.0,0.0,2.0,2.0,0.0,0.0,2.0,2,0,4,23,0.17391304347826086,0.1818
klebsiella_pneumoniae_ssp_pneumoniae,ec_mkdwr3c1,barmm,marawi_city,tuca_kialdan,drinking_water,3,1,pos,>=32,r,<=2,s,,r,>=64,r,>=64,r,>=8,r,,,>=8,r,>=8,r,,s,<=0.25,s,<=2,s,<=1,s,<=2,s,,,1,i,<=0.5,s,0.25,s,1,s,<=1,s,64,i,<=2,s,>=320,r,8.0,21.0,0.381,2.0,0.0,2.0,2.0,2.0,2.0,0.0,2.0,2.0,0.0,0.0,0.0,0.0,0.0,0.0,1.0,0.0,0.0,0.0,0.0,1.0,0.0,2.0,1,0,8,23,0.34782608695652173,0.381
escherichia_coli,ec_mkdwr3c2,barmm,marawi_city,tuca_kialdan,drinking_water,3,2,neg,8,s,<=2,s,,s,16,s,16,i,0.5,s,,s,1,s,<=1,s,,s,<=0.25,s,<=2,s,<=1,s,<=2,s,,,<=0.12,s,<=0.5,s,<=0.12,s,1,s,<=1,s,<=16,s,8,s,<=20,s,0.0,22.0,0.0,0.0,0.0,0.0,0.0,1.0,0.0,0.0,0.0,0.0,0.0,0.0,0.0,0.0,0.0,0.0,0.0,0.0,0.0,0.0,0.0,0.0,0.0,0.0,0,0,0,23,0.0,0.0
escherichia_coli,ec_mkdwr3c4,barmm,marawi_city,tuca_kialdan,drinking_water,3,4,neg,<=2,s,<=2,s,,s,<=4,s,4,s,<=0.25,s,,s,<=0.5,s,<=1,s,,s,<=0.25,s,<=2,s,<=1,s,<=2,s,,,<=0.12,s,<=0.5,s,<=0.12,s,1,s,<=1,s,<=16,s,4,s,<=20,s,0.0,22.0,0.0,0.0,0.0,0.0,0.0,0.0,0.0,0.0,0.0,0.0,0.0,0.0,0.0,0.0,0.0,0.0,0.0,0.0,0.0,0.0,0.0,0.0,0.0,0.0,0,0,0,23,0.0,0.0
klebsiella_pneumoniae_ssp_pneumoniae,ec_mkdwr3c6,barmm,marawi_city,tuca_kialdan,drinking_water,3,6,neg,>=32,r,<=2,s,,s,<=4,s,<=2,s,<=0.25,s,,s,<=0.5,s,<=1,s,,s,<=0.25,s,<=2,s,<=1,s,<=2,s,,,<=0.12,s,<=0.5,s,<=0.12,s,1,s,<=1,s,32,s,<=2,s,<=20,s,1.0,22.0,0.0455,2.0,0.0,0.0,0.0,0.0,0.0,0.0,0.0,0.0,0.0,0.0,0.0,0.0,0.0,0.0,0.0,0.0,0.0,0.0,0.0,0.0,0.0,0.0,1,0,1,23,0.043478260869565216,0.0455
klebsiella_pneumoniae_ssp_ozaenae,ec_mkdwr3c8,barmm,marawi_city,tuca_kialdan,drinking_water,3,8,neg,>=32,r,<=2,s,,s,<=4,s,<=2,s,<=0.25,s,,s,<=0.5,s,<=1,s,,s,<=0.25,s,<=2,s,<=1,s,<=2,s,,,<=0.12,s,<=0.5,s,<=0.12,s,1,s,<=1,s,32,s,<=2,s,<=20,s,1.0,22.0,0.0455,2.0,0.0,0.0,0.0,0.0,0.0,0.0,0.0,0.0,0.0,0.0,0.0,0.0,0.0,0.0,0.0,0.0,0.0,0.0,0.0,0.0,0.0,0.0,1,0,1,23,0.043478260869565216,0.0455
klebsiella_pneumoniae_ssp_pneumoniae,ec_mkdwr3c9,barmm,marawi_city,tuca_kialdan,drinking_water,3,9,neg,>=32,r,<=2,s,,s,<=4,s,<=2,s,<=0.25,s,,s,<=0.5,s,<=1,s,,s,<=0.25,s,<=2,s,<=1,s,<=2,s,,,<=0.12,s,<=0.5,s,<=0.12,s,1,s,<=1,s,32,s,<=2,s,<=20,s,1.0,22.0,0.0455,2.0,0.0,0.0,0.0,0.0,0.0,0.0,0.0,0.0,0.0,0.0,0.0,0.0,0.0,0.0,0.0,0.0,0.0,0.0,0.0,0.0,0.0,0.0,1,0,1,23,0.043478260869565216,0.0455
enterobacter_cloacae_complex,sal_mkdwr1c1,barmm,marawi_city,tuca_kialdan,drinking_water,1,1,,,,≤2,r,,,8,r,4,r,≤0.25,s,,s,1,s,≤1,s,,s,≤0.25,s,≤2,s,≤1,s,≤2,s,,,≤0.12,s,≤0.5,s,≤0.12,s,1,s,≤1,s,≤16,s,4,s,≤20,s,3.0,20.0,0.15,2.0,2.0,0.0,2.0,2.0,0.0,0.0,0.0,0.0,0.0,0.0,0.0,0.0,0.0,0.0,0.0,0.0,0.0,0.0,0.0,0.0,0.0,0.0,1,0,4,23,0.17391304347826086,0.15
klebsiella_pneumoniae_ssp_pneumoniae,sal_mkdwr2c2,barmm,marawi_city,tuca_kialdan,drinking_water,2,2,neg,≥32,r,8,s,,,8,s,8,s,≤0.25,s,,,2,s,≤1,s,,s,≤0.25,s,≤2,s,≤1,s,≤2,s,,,≤0.12,s,≤0.5,s,≤0.12,s,≥16,r,≥16,r,≤16,s,8,s,≤20,s,3.0,20.0,0.15,2.0,0.0,0.0,0.0,0.0,0.0,0.0,0.0,0.0,0.0,0.0,0.0,0.0,0.0,0.0,0.0,0.0,0.0,2.0,2.0,0.0,0.0,0.0,2,0,3,23,0.13043478260869565,0.15
enterobacter_aerogenes,sal_mkdwr3c4,barmm,marawi_city,tuca_kialdan,drinking_water,3,4,,,,≤2,r,,s,8,r,4,r,≤0.25,s,,s,≤0.5,s,≤1,s,,s,≤0.25,s,≤2,s,≤1,s,≤2,s,,,≤0.12,s,≤0.5,s,≤0.12,s,≤0.5,s,≤1,s,≤16,s,≤2,s,≤20,s,3.0,21.0,0.1429,2.0,2.0,0.0,2.0,2.0,0.0,0.0,0.0,0.0,0.0,0.0,0.0,0.0,0.0,0.0,0.0,0.0,0.0,0.0,0.0,0.0,0.0,0.0,1,0,4,23,0.17391304347826086,0.1429
escherichia_coli,sg_mkdwr1c1,barmm,marawi_city,tuca_kialdan,drinking_water,1,1,neg,4,s,≤2,s,,s,8,s,16,s,0.5,s,,s,≤0.5,s,≤1,s,,s,≤0.25,s,≤2,s,≤1,s,≤2,s,,,≤0.12,s,≤0.5,s,≤0.12,s,≤0.5,s,≤1,s,≤16,s,4,s,≤20,s,0.0,22.0,0.0,0.0,0.0,0.0,0.0,0.0,0.0,0.0,0.0,0.0,0.0,0.0,0.0,0.0,0.0,0.0,0.0,0.0,0.0,0.0,0.0,0.0,0.0,0.0,0,0,0,23,0.0,0.0
enterobacter_cloacae_complex,vc_mkdwr1c1,barmm,marawi_city,tuca_kialdan,drinking_water,1,1,,,,4,r,,,>=64,r,>=64,r,2,s,,,2,s,<=1,s,,s,<=0.25,s,<=2,s,<=1,s,<=2,s,,,<=0.12,s,<=0.5,s,<=0.12,s,2,s,2,s,128,r,16,i,<=20,s,4.0,19.0,0.2105,2.0,2.0,0.0,2.0,2.0,0.0,0.0,0.0,0.0,0.0,0.0,0.0,0.0,0.0,0.0,0.0,0.0,0.0,0.0,0.0,2.0,1.0,0.0,2,0,5,23,0.21739130434782608,0.2105
enterobacter_cloacae_complex,vc_mkdwr1c2,barmm,marawi_city,tuca_kialdan,drinking_water,1,2,,,,>=32,r,,,>=64,r,>=64,r,2,s,,,4,i,2,s,,s,<=0.25,s,<=2,s,<=1,s,<=2,s,,,<=0.12,s,<=0.5,s,<=0.12,s,4,s,2,s,64,i,16,i,<=20,s,3.0,19.0,0.1579,2.0,2.0,0.0,2.0,2.0,0.0,0.0,1.0,0.0,0.0,0.0,0.0,0.0,0.0,0.0,0.0,0.0,0.0,0.0,0.0,1.0,1.0,0.0,1,0,4,23,0.17391304347826086,0.1579
enterobacter_cloacae_complex,vc_mkdwr1c3,barmm,marawi_city,tuca_kialdan,drinking_water,1,3,,,,4,r,,,>=64,r,>=64,r,2,s,,,2,s,<=1,s,,s,<=0.25,s,<=2,s,<=1,s,<=2,s,,,<=0.12,s,<=0.5,s,<=0.12,s,2,s,2,s,128,r,16,i,<=20,s,4.0,19.0,0.2105,2.0,2.0,0.0,2.0,2.0,0.0,0.0,0.0,0.0,0.0,0.0,0.0,0.0,0.0,0.0,0.0,0.0,0.0,0.0,0.0,2.0,1.0,0.0,2,0,5,23,0.21739130434782608,0.2105
enterobacter_cloacae_complex,vc_mkdwr1c5,barmm,marawi_city,tuca_kialdan,drinking_water,1,5,,,,4,r,,,>=64,r,>=64,r,2,s,,,2,s,<=1,s,,s,<=0.25,s,<=2,s,<=1,s,<=2,s,,,<=0.12,s,<=0.5,s,<=0.12,s,2,s,2,s,128,r,16,i,<=20,s,4.0,19.0,0.2105,2.0,2.0,0.0,2.0,2.0,0.0,0.0,0.0,0.0,0.0,0.0,0.0,0.0,0.0,0.0,0.0,0.0,0.0,0.0,0.0,2.0,1.0,0.0,2,0,5,23,0.21739130434782608,0.2105
klebsiella_pneumoniae_ssp_pneumoniae,vc_mkdwr1c6,barmm,marawi_city,tuca_kialdan,drinking_water,1,6,neg,>=32,r,<=2,s,,s,<=4,s,<=2,s,<=0.25,s,,s,<=0.5,s,<=1,s,,s,<=0.25,s,<=2,s,<=1,s,<=2,s,,,<=0.12,s,<=0.5,s,<=0.12,s,1,s,<=1,s,64,i,<=2,s,<=20,s,1.0,22.0,0.0455,2.0,0.0,0.0,0.0,0.0,0.0,0.0,0.0,0.0,0.0,0.0,0.0,0.0,0.0,0.0,0.0,0.0,0.0,0.0,0.0,1.0,0.0,0.0,1,0,1,23,0.043478260869565216,0.0455
enterobacter_cloacae_complex,vc_mkdwr2c1,barmm,marawi_city,tuca_kialdan,drinking_water,2,1,,,,4,r,,,16,r,>=64,r,2,s,,s,4,i,<=1,s,,s,<=0.25,s,<=2,s,<=1,s,<=2,s,,,<=0.12,s,<=0.5,s,<=0.12,s,2,s,2,s,64,i,8,s,<=20,s,3.0,20.0,0.15,2.0,2.0,0.0,2.0,2.0,0.0,0.0,1.0,0.0,0.0,0.0,0.0,0.0,0.0,0.0,0.0,0.0,0.0,0.0,0.0,1.0,0.0,0.0,1,0,4,23,0.17391304347826086,0.15
enterobacter_cloacae_complex,vc_mkdwr2c2,barmm,marawi_city,tuca_kialdan,drinking_water,2,2,,,,4,r,,,>=64,r,>=64,r,2,s,,,>=8,r,<=1,s,,s,<=0.25,s,<=2,s,<=1,s,<=2,s,,,<=0.12,s,<=0.5,s,<=0.12,s,2,s,2,s,128,r,16,i,<=20,s,5.0,20.0,0.25,2.0,2.0,0.0,2.0,2.0,0.0,0.0,2.0,0.0,0.0,0.0,0.0,0.0,0.0,0.0,0.0,0.0,0.0,0.0,0.0,2.0,1.0,0.0,2,0,6,23,0.2608695652173913,0.25
enterobacter_cloacae_complex,vc_mkdwr3c2,barmm,marawi_city,tuca_kialdan,drinking_water,3,2,,,,<=2,r,,,16,r,8,r,<=0.25,s,,s,2,s,<=1,s,,s,<=0.25,s,<=2,s,<=1,s,<=2,s,,,<=0.12,s,<=0.5,s,<=0.12,s,2,s,2,s,64,i,16,i,<=20,s,3.0,20.0,0.15,2.0,2.0,0.0,2.0,2.0,0.0,0.0,0.0,0.0,0.0,0.0,0.0,0.0,0.0,0.0,0.0,0.0,0.0,0.0,0.0,1.0,1.0,0.0,1,0,4,23,0.17391304347826086,0.15
enterobacter_cloacae_complex,vc_mkdwr3c3,barmm,marawi_city,tuca_kialdan,drinking_water,3,3,,,,>=32,r,,,>=64,r,>=64,r,2,s,,,2,s,<=1,s,,s,<=0.25,s,<=2,s,<=1,s,<=2,s,,,<=0.12,s,<=0.5,s,<=0.12,s,>=16,r,>=16,r,128,r,16,i,<=20,s,6.0,19.0,0.3158,2.0,2.0,0.0,2.0,2.0,0.0,0.0,0.0,0.0,0.0,0.0,0.0,0.0,0.0,0.0,0.0,0.0,0.0,2.0,2.0,2.0,1.0,0.0,3,1,7,23,0.30434782608695654,0.3158
klebsiella_pneumoniae_ssp_pneumoniae,ec_mklwr1c6,barmm,marawi_city,tuca_kialdan,lake_water,1,6,neg,>=32,r,<=2,s,,s,<=4,s,<=2,s,<=0.25,s,,s,<=0.5,s,<=1,s,,s,<=0.25,s,<=2,s,<=1,s,<=2,s,,,<=0.12,s,<=0.5,s,<=0.12,s,1*,i,>=16,r,32,s,<=2,s,<=20,s,2.0,22.0,0.0909,2.0,0.0,0.0,0.0,0.0,0.0,0.0,0.0,0.0,0.0,0.0,0.0,0.0,0.0,0.0,0.0,0.0,0.0,1.0,2.0,0.0,0.0,0.0,2,0,2,23,0.08695652173913043,0.0909
enterobacter_cloacae_complex,ec_mklwr2c1,barmm,marawi_city,tuca_kialdan,lake_water,2,1,,,,>=32,r,,,>=64,r,>=64,r,<=0.25,s,,s,<=0.5,s,<=1,s,,s,<=0.25,s,<=2,s,<=1,s,<=2,s,,,<=0.12,s,<=0.5,s,<=0.12,s,1,s,<=1,s,64,i,4,s,<=20,s,3.0,20.0,0.15,2.0,2.0,0.0,2.0,2.0,0.0,0.0,0.0,0.0,0.0,0.0,0.0,0.0,0.0,0.0,0.0,0.0,0.0,0.0,0.0,1.0,0.0,0.0,1,0,4,23,0.17391304347826086,0.15
escherichia_coli,ec_mklwr2c3,barmm,marawi_city,tuca_kialdan,lake_water,2,3,neg,4,s,<=2,s,,s,8,s,8,s,<=0.25,s,,s,<=0.5,s,<=1,s,,s,<=0.25,s,<=2,s,<=1,s,<=2,s,,,<=0.12,s,<=0.5,s,<=0.12,s,2,s,<=1,s,<=16,s,8,s,<=20,s,0.0,22.0,0.0,0.0,0.0,0.0,0.0,0.0,0.0,0.0,0.0,0.0,0.0,0.0,0.0,0.0,0.0,0.0,0.0,0.0,0.0,0.0,0.0,0.0,0.0,0.0,0,0,0,23,0.0,0.0
escherichia_coli,ec_mklwr2c4,barmm,marawi_city,tuca_kialdan,lake_water,2,4,neg,<=2,s,<=2,s,,s,8,s,4,s,<=0.25,s,,s,<=0.5,s,<=1,s,,s,<=0.25,s,<=2,s,<=1,s,<=2,s,,,<=0.12,s,<=0.5,s,<=0.12,s,2,s,<=1,s,<=16,s,8,s,<=20,s,0.0,22.0,0.0,0.0,0.0,0.0,0.0,0.0,0.0,0.0,0.0,0.0,0.0,0.0,0.0,0.0,0.0,0.0,0.0,0.0,0.0,0.0,0.0,0.0,0.0,0.0,0,0,0,23,0.0,0.0
klebsiella_pneumoniae_ssp_pneumoniae,ec_mklwr2c5,barmm,marawi_city,tuca_kialdan,lake_water,2,5,neg,>=32,r,>=32,r,,,>=64,r,>=64,r,>=8,r,,,>=8,r,>=8,r,,s,<=0.25,s,<=2,s,<=1,s,<=2,s,,,1,i,1,s,1,i,>=16,r,>=16,r,64,i,<=2,s,>=320,r,10.0,20.0,0.5,2.0,2.0,0.0,2.0,2.0,2.0,0.0,2.0,2.0,0.0,0.0,0.0,0.0,0.0,0.0,1.0,0.0,1.0,2.0,2.0,1.0,0.0,2.0,2,0,10,23,0.43478260869565216,0.5
klebsiella_pneumoniae_ssp_pneumoniae,ec_mklwr2c6,barmm,marawi_city,tuca_kialdan,lake_water,2,6,neg,>=32,r,>=32,r,,,>=64,r,>=64,r,>=8,r,,,>=8,r,>=8,r,,s,<=0.25,s,<=2,s,<=1,s,<=2,s,,,1,i,1,s,1,i,>=16,r,>=16,r,64,i,4,s,>=320,r,10.0,20.0,0.5,2.0,2.0,0.0,2.0,2.0,2.0,0.0,2.0,2.0,0.0,0.0,0.0,0.0,0.0,0.0,1.0,0.0,1.0,2.0,2.0,1.0,0.0,2.0,2,0,10,23,0.43478260869565216,0.5
escherichia_coli,ec_mklwr3c4,barmm,marawi_city,tuca_kialdan,lake_water,3,4,neg,<=2,s,<=2,s,,s,8,s,4,s,<=0.25,s,,s,<=0.5,s,<=1,s,,s,<=0.25,s,<=2,s,<=1,s,<=2,s,,,<=0.12,s,<=0.5,s,<=0.12,s,>=16,r,>=16,r,<=16,s,<=2,s,<=20,s,2.0,22.0,0.0909,0.0,0.0,0.0,0.0,0.0,0.0,0.0,0.0,0.0,0.0,0.0,0.0,0.0,0.0,0.0,0.0,0.0,0.0,2.0,2.0,0.0,0.0,0.0,1,0,2,23,0.08695652173913043,0.0909
enterobacter_cloacae_complex,ec_mklwr3c8,barmm,marawi_city,tuca_kialdan,lake_water,3,8,,,,>=32,r,,,>=64,r,>=64,r,<=0.25,s,,s,<=0.5,s,<=1,s,,s,<=0.25,s,<=2,s,<=1,s,<=2,s,,,<=0.12,s,<=0.5,s,<=0.12,s,2,s,<=1,s,64,i,4,s,<=20,s,3.0,20.0,0.15,2.0,2.0,0.0,2.0,2.0,0.0,0.0,0.0,0.0,0.0,0.0,0.0,0.0,0.0,0.0,0.0,0.0,0.0,0.0,0.0,1.0,0.0,0.0,1,0,4,23,0.17391304347826086,0.15
enterobacter_cloacae_complex,vc_mklwr3c1,barmm,marawi_city,tuca_kialdan,lake_water,3,1,,,,<=2,r,,,16,r,>=64,r,2,s,,s,2,s,<=1,s,,s,<=0.25,s,<=2,s,<=1,s,<=2,s,,,<=0.12,s,<=0.5,s,<=0.12,s,2,s,2,s,128,r,16,i,<=20,s,4.0,20.0,0.2,2.0,2.0,0.0,2.0,2.0,0.0,0.0,0.0,0.0,0.0,0.0,0.0,0.0,0.0,0.0,0.0,0.0,0.0,0.0,0.0,2.0,1.0,0.0,2,0,5,23,0.21739130434782608,0.2
enterobacter_cloacae_complex,vc_mklwr3c2,barmm,marawi_city,tuca_kialdan,lake_water,3,2,,,,>=32,r,,,>=64,r,>=64,r,2,s,,,4,i,<=1,s,,s,<=0.25,s,<=2,s,<=1,s,<=2,s,,,<=0.12,s,<=0.5,s,<=0.12,s,4,s,2,s,128,r,8,s,<=20,s,4.0,19.0,0.2105,2.0,2.0,0.0,2.0,2.0,0.0,0.0,1.0,0.0,0.0,0.0,0.0,0.0,0.0,0.0,0.0,0.0,0.0,0.0,0.0,2.0,0.0,0.0,2,0,5,23,0.21739130434782608,0.2105
vibrio_vulnificus,vc_mklwr3c3,barmm,marawi_city,tuca_kialdan,lake_water,3,3,,,,>=32,r,,,>=64,r,>=64,r,2,s,,,2,s,<=1,s,,s,<=0.25,s,<=2,s,<=1,s,<=2,s,,,<=0.12,s,<=0.5,s,<=0.12,s,>=16,r,>=16,r,128,r,16,i,<=20,s,6.0,19.0,0.3158,2.0,2.0,0.0,2.0,2.0,0.0,0.0,0.0,0.0,0.0,0.0,0.0,0.0,0.0,0.0,0.0,0.0,0.0,2.0,2.0,2.0,1.0,0.0,3,1,7,23,0.30434782608695654,0.3158
escherichia_coli,ec_mkftr1c1,barmm,marawi_city,tuca_kialdan,fish_tilapia,1,1,neg,16,i,<=2,s,,s,<=4,s,<=2,s,<=0.25,s,,s,<=0.5,s,<=1,s,,s,<=0.25,s,<=2,s,<=1,s,<=2,s,,,<=0.12,s,<=0.5,s,<=0.12,s,1,s,<=1,s,64,i,<=2,s,<=20,s,0.0,22.0,0.0,1.0,0.0,0.0,0.0,0.0,0.0,0.0,0.0,0.0,0.0,0.0,0.0,0.0,0.0,0.0,0.0,0.0,0.0,0.0,0.0,1.0,0.0,0.0,0,0,0,23,0.0,0.0
enterobacter_cloacae_complex,ec_mkftr1c2,barmm,marawi_city,tuca_kialdan,fish_tilapia,1,2,,,,>=32,r,,,>=64,r,>=64,r,<=0.25,s,,s,<=0.5,s,<=1,s,,s,<=0.25,s,<=2,s,<=1,s,<=2,s,,,<=0.12,s,<=0.5,s,<=0.12,s,1,s,<=1,s,<=16,s,4,s,<=20,s,3.0,20.0,0.15,2.0,2.0,0.0,2.0,2.0,0.0,0.0,0.0,0.0,0.0,0.0,0.0,0.0,0.0,0.0,0.0,0.0,0.0,0.0,0.0,0.0,0.0,0.0,1,0,4,23,0.17391304347826086,0.15
escherichia_coli,ec_mkftr1c9,barmm,marawi_city,tuca_kialdan,fish_tilapia,1,9,neg,>=32,r,4,s,,s,8,s,16,i,0.5,s,,s,1,s,<=1,s,,s,<=0.25,s,<=2,s,<=1,s,<=2,s,,,1,i,<=0.5,s,0.25,s,8,i,>=16,r,<=16,s,4,s,<=20,s,2.0,22.0,0.0909,2.0,0.0,0.0,0.0,1.0,0.0,0.0,0.0,0.0,0.0,0.0,0.0,0.0,0.0,0.0,1.0,0.0,0.0,1.0,2.0,0.0,0.0,0.0,2,0,2,23,0.08695652173913043,0.0909
klebsiella_pneumoniae_ssp_pneumoniae,ec_mkftr1c11,barmm,marawi_city,tuca_kialdan,fish_tilapia,1,11,neg,>=32,r,8,s,,s,<=4,s,4,s,<=0.25,s,,,<=0.5,s,<=1,s,,s,<=0.25,s,<=2,s,<=1,s,<=2,s,,,<=0.12,s,<=0.5,s,<=0.12,s,>=16,r,>=16,r,<=16,s,<=2,s,>=320,r,4.0,21.0,0.1905,2.0,0.0,0.0,0.0,0.0,0.0,0.0,0.0,0.0,0.0,0.0,0.0,0.0,0.0,0.0,0.0,0.0,0.0,2.0,2.0,0.0,0.0,2.0,2,0,4,23,0.17391304347826086,0.1905
escherichia_coli,ec_mkftr1c12,barmm,marawi_city,tuca_kialdan,fish_tilapia,1,12,neg,<=2,s,<=2,s,,s,<=4,s,4,s,<=0.25,s,,s,<=0.5,s,<=1,s,,s,<=0.25,s,<=2,s,<=1,s,<=2,s,,,<=0.12,s,<=0.5,s,<=0.12,s,1,s,<=1,s,<=16,s,4,s,<=20,s,0.0,22.0,0.0,0.0,0.0,0.0,0.0,0.0,0.0,0.0,0.0,0.0,0.0,0.0,0.0,0.0,0.0,0.0,0.0,0.0,0.0,0.0,0.0,0.0,0.0,0.0,0,0,0,23,0.0,0.0
klebsiella_pneumoniae_ssp_pneumoniae,ec_mkftr1c13,barmm,marawi_city,tuca_kialdan,fish_tilapia,1,13,pos,>=32,r,4,s,,,>=64,r,>=64,r,<=0.25,s,,,4,i,4,i,,,<=0.25,s,<=2,s,<=1,s,<=2,s,,,<=0.12,s,<=0.5,s,<=0.12,s,1,s,<=1,s,32,s,4,s,<=20,s,3.0,19.0,0.1579,2.0,0.0,0.0,2.0,2.0,0.0,0.0,1.0,1.0,0.0,0.0,0.0,0.0,0.0,0.0,0.0,0.0,0.0,0.0,0.0,0.0,0.0,0.0,1,0,3,23,0.13043478260869565,0.1579
klebsiella_pneumoniae_ssp_pneumoniae,ec_mkftr1c15,barmm,marawi_city,tuca_kialdan,fish_tilapia,1,15,neg,>=32,r,16,i,,s,>=64,r,>=64,r,<=0.25,s,,,<=0.5,s,<=1,s,,s,<=0.25,s,<=2,s,<=1,s,<=2,s,,,0.5,s,<=0.5,s,0.25,s,>=16,r,>=16,r,64,i,4,s,40,s,5.0,21.0,0.2381,2.0,1.0,0.0,2.0,2.0,0.0,0.0,0.0,0.0,0.0,0.0,0.0,0.0,0.0,0.0,0.0,0.0,0.0,2.0,2.0,1.0,0.0,0.0,2,0,5,23,0.21739130434782608,0.2381
klebsiella_pneumoniae_ssp_pneumoniae,ec_mkftr1c16,barmm,marawi_city,tuca_kialdan,fish_tilapia,1,16,neg,>=32,r,<=2,s,,s,<=4,s,<=2,s,<=0.25,s,,s,<=0.5,s,<=1,s,,s,<=0.25,s,<=2,s,<=1,s,<=2,s,,,<=0.12,s,<=0.5,s,<=0.12,s,1,s,<=1,s,32,s,<=2,s,<=20,s,1.0,22.0,0.0455,2.0,0.0,0.0,0.0,0.0,0.0,0.0,0.0,0.0,0.0,0.0,0.0,0.0,0.0,0.0,0.0,0.0,0.0,0.0,0.0,0.0,0.0,0.0,1,0,1,23,0.043478260869565216,0.0455
escherichia_coli,ec_mkftr2c1,barmm,marawi_city,tuca_kialdan,fish_tilapia,2,1,neg,4,s,<=2,s,,s,8,s,16,i,0.5,s,,s,<=0.5,s,<=1,s,,s,<=0.25,s,<=2,s,<=1,s,<=2,s,,,<=0.12,s,<=0.5,s,<=0.12,s,>=16,r,>=16,r,<=16,s,8,s,<=20,s,2.0,22.0,0.0909,0.0,0.0,0.0,0.0,1.0,0.0,0.0,0.0,0.0,0.0,0.0,0.0,0.0,0.0,0.0,0.0,0.0,0.0,2.0,2.0,0.0,0.0,0.0,1,0,2,23,0.08695652173913043,0.0909
escherichia_coli,ec_mkftr2c2,barmm,marawi_city,tuca_kialdan,fish_tilapia,2,2,neg,4,s,<=2,s,,s,8,s,16,i,0.5,s,,s,<=0.5,s,<=1,s,,s,<=0.25,s,<=2,s,<=1,s,<=2,s,,,<=0.12,s,<=0.5,s,<=0.12,s,>=16,r,>=16,r,<=16,s,8,s,<=20,s,2.0,22.0,0.0909,0.0,0.0,0.0,0.0,1.0,0.0,0.0,0.0,0.0,0.0,0.0,0.0,0.0,0.0,0.0,0.0,0.0,0.0,2.0,2.0,0.0,0.0,0.0,1,0,2,23,0.08695652173913043,0.0909
escherichia_coli,ec_mkftr2c3,barmm,marawi_city,tuca_kialdan,fish_tilapia,2,3,neg,>=32,r,8,s,,s,8,s,16,i,<=0.25,s,,s,1,s,<=1,s,,s,<=0.25,s,<=2,s,<=1,s,<=2,s,,,<=0.12,s,<=0.5,s,<=0.12,s,>=16,r,>=16,r,32,s,4,s,>=320,r,4.0,22.0,0.1818,2.0,0.0,0.0,0.0,1.0,0.0,0.0,0.0,0.0,0.0,0.0,0.0,0.0,0.0,0.0,0.0,0.0,0.0,2.0,2.0,0.0,0.0,2.0,2,0,4,23,0.17391304347826086,0.1818
escherichia_coli,ec_mkftr2c4,barmm,marawi_city,tuca_kialdan,fish_tilapia,2,4,neg,>=32,r,<=2,s,,s,<=4,s,4,s,<=0.25,s,,s,<=0.5,s,<=1,s,,s,<=0.25,s,<=2,s,<=1,s,<=2,s,,,<=0.12,s,<=0.5,s,<=0.12,s,1,s,<=1,s,64,i,<=2,s,<=20,s,1.0,22.0,0.0455,2.0,0.0,0.0,0.0,0.0,0.0,0.0,0.0,0.0,0.0,0.0,0.0,0.0,0.0,0.0,0.0,0.0,0.0,0.0,0.0,1.0,0.0,0.0,1,0,1,23,0.043478260869565216,0.0455
klebsiella_pneumoniae_ssp_pneumoniae,ec_mkftr2c5,barmm,marawi_city,tuca_kialdan,fish_tilapia,2,5,neg,>=32,r,<=2,s,,s,<=4,s,<=2,s,<=0.25,s,,s,<=0.5,s,<=1,s,,s,<=0.25,s,<=2,s,<=1,s,<=2,s,,,<=0.12,s,<=0.5,s,<=0.12,s,1,s,<=1,s,32,s,<=2,s,<=20,s,1.0,22.0,0.0455,2.0,0.0,0.0,0.0,0.0,0.0,0.0,0.0,0.0,0.0,0.0,0.0,0.0,0.0,0.0,0.0,0.0,0.0,0.0,0.0,0.0,0.0,0.0,1,0,1,23,0.043478260869565216,0.0455
klebsiella_pneumoniae_ssp_pneumoniae,ec_mkftr2c7,barmm,marawi_city,tuca_kialdan,fish_tilapia,2,7,neg,>=32,r,8,s,,s,<=4,s,4,s,<=0.25,s,,,<=0.5,s,<=1,s,,s,<=0.25,s,<=2,s,<=1,s,<=2,s,,,<=0.12,s,<=0.5,s,<=0.12,s,>=16,r,>=16,r,<=16,s,<=2,s,>=320,r,4.0,22.0,0.1818,2.0,0.0,0.0,0.0,0.0,0.0,0.0,0.0,0.0,0.0,0.0,0.0,0.0,0.0,0.0,0.0,0.0,0.0,2.0,2.0,0.0,0.0,2.0,2,0,4,23,0.17391304347826086,0.1818
klebsiella_pneumoniae_ssp_pneumoniae,ec_mkftr2c8,barmm,marawi_city,tuca_kialdan,fish_tilapia,2,8,neg,>=32,r,4,s,,s,<=4,s,<=2,s,<=0.25,s,,s,<=0.5,s,<=1,s,,s,<=0.25,s,<=2,s,<=1,s,<=2,s,,,<=0.12,s,<=0.5,s,<=0.12,s,1,s,<=1,s,32,s,<=2,s,<=20,s,1.0,22.0,0.0455,2.0,0.0,0.0,0.0,0.0,0.0,0.0,0.0,0.0,0.0,0.0,0.0,0.0,0.0,0.0,0.0,0.0,0.0,0.0,0.0,0.0,0.0,0.0,1,0,1,23,0.043478260869565216,0.0455
klebsiella_pneumoniae_ssp_pneumoniae,ec_mkftr2c15,barmm,marawi_city,tuca_kialdan,fish_tilapia,2,15,neg,>=32,r,4,s,,s,<=4,s,4,s,<=0.25,s,,s,<=0.5,s,<=1,s,,s,<=0.25,s,<=2,s,<=1,s,<=2,s,,,<=0.12,s,<=0.5,s,<=0.12,s,>=16,r,>=16,r,<=16,s,<=2,s,>=320,r,4.0,22.0,0.1818,2.0,0.0,0.0,0.0,0.0,0.0,0.0,0.0,0.0,0.0,0.0,0.0,0.0,0.0,0.0,0.0,0.0,0.0,2.0,2.0,0.0,0.0,2.0,2,0,4,23,0.17391304347826086,0.1818
klebsiella_pneumoniae_ssp_pneumoniae,ec_mkftr2c16,barmm,marawi_city,tuca_kialdan,fish_tilapia,2,16,neg,>=32,r,<=2,s,,s,<=4,s,<=2,s,<=0.25,s,,s,<=0.5,s,<=1,s,,s,<=0.25,s,<=2,s,<=1,s,<=2,s,,,<=0.12,s,<=0.5,s,<=0.12,s,1,s,<=1,s,32,s,<=2,s,<=20,s,1.0,22.0,0.0455,2.0,0.0,0.0,0.0,0.0,0.0,0.0,0.0,0.0,0.0,0.0,0.0,0.0,0.0,0.0,0.0,0.0,0.0,0.0,0.0,0.0,0.0,0.0,1,0,1,23,0.043478260869565216,0.0455
escherichia_coli,ec_mkftr3c1,barmm,marawi_city,tuca_kialdan,fish_tilapia,3,1,neg,4,s,<=2,s,,s,8,s,16,i,0.5,s,,s,<=0.5,s,<=1,s,,s,<=0.25,s,<=2,s,<=1,s,<=2,s,,,<=0.12,s,<=0.5,s,<=0.12,s,>=16,r,>=16,r,<=16,s,8,s,<=20,s,2.0,22.0,0.0909,0.0,0.0,0.0,0.0,1.0,0.0,0.0,0.0,0.0,0.0,0.0,0.0,0.0,0.0,0.0,0.0,0.0,0.0,2.0,2.0,0.0,0.0,0.0,1,0,2,23,0.08695652173913043,0.0909
klebsiella_pneumoniae_ssp_pneumoniae,ec_mkftr3c2,barmm,marawi_city,tuca_kialdan,fish_tilapia,3,2,neg,>=32,r,<=2,s,,s,<=4,s,<=2,s,<=0.25,s,,s,1,s,<=1,s,,s,<=0.25,s,<=2,s,<=1,s,<=2,s,,,<=0.12,s,<=0.5,s,<=0.12,s,1,s,<=1,s,64,i,<=2,s,<=20,s,1.0,22.0,0.0455,2.0,0.0,0.0,0.0,0.0,0.0,0.0,0.0,0.0,0.0,0.0,0.0,0.0,0.0,0.0,0.0,0.0,0.0,0.0,0.0,1.0,0.0,0.0,1,0,1,23,0.043478260869565216,0.0455
enterobacter_cloacae_complex,ec_mkftr3c3,barmm,marawi_city,tuca_kialdan,fish_tilapia,3,3,,,,>=32,r,,,>=64,r,8,r,<=0.25,s,,s,<=0.5,s,<=1,s,,s,<=0.25,s,<=2,s,<=1,s,<=2,s,,,<=0.12,s,<=0.5,s,<=0.12,s,1,s,<=1,s,<=16,s,<=2,s,<=20,s,3.0,20.0,0.15,2.0,2.0,0.0,2.0,2.0,0.0,0.0,0.0,0.0,0.0,0.0,0.0,0.0,0.0,0.0,0.0,0.0,0.0,0.0,0.0,0.0,0.0,0.0,1,0,4,23,0.17391304347826086,0.15
klebsiella_pneumoniae_ssp_pneumoniae,ec_mkftr3c4,barmm,marawi_city,tuca_kialdan,fish_tilapia,3,4,neg,>=32,r,8,s,,s,<=4,s,4,s,<=0.25,s,,,1,s,<=1,s,,s,1,s,<=2,s,<=1,s,<=2,s,,,<=0.12,s,<=0.5,s,<=0.12,s,1,s,<=1,s,64,i,4,s,<=20,s,1.0,21.0,0.0476,2.0,0.0,0.0,0.0,0.0,0.0,0.0,0.0,0.0,0.0,0.0,0.0,0.0,0.0,0.0,0.0,0.0,0.0,0.0,0.0,1.0,0.0,0.0,1,0,1,23,0.043478260869565216,0.0476
klebsiella_pneumoniae_ssp_pneumoniae,ec_mkftr3c5,barmm,marawi_city,tuca_kialdan,fish_tilapia,3,5,neg,<=2*,r,<=2,s,,s,<=4,s,<=2,s,<=0.25,s,,s,<=0.5,s,<=1,s,,s,<=0.25,s,<=2,s,<=1,s,<=2,s,,,<=0.12,s,<=0.5,s,<=0.12,s,1,s,<=1,s,64,i,<=2,s,<=20,s,1.0,22.0,0.0455,2.0,0.0,0.0,0.0,0.0,0.0,0.0,0.0,0.0,0.0,0.0,0.0,0.0,0.0,0.0,0.0,0.0,0.0,0.0,0.0,1.0,0.0,0.0,1,0,1,23,0.043478260869565216,0.0455
klebsiella_pneumoniae_ssp_pneumoniae,ec_mkftr3c7,barmm,marawi_city,tuca_kialdan,fish_tilapia,3,7,neg,>=32,r,<=2,s,,s,<=4,s,<=2,s,<=0.25,s,,s,<=0.5,s,<=1,s,,s,<=0.25,s,<=2,s,<=1,s,<=2,s,,,<=0.12,s,<=0.5,s,<=0.12,s,1,s,<=1,s,64,i,<=2,s,<=20,s,1.0,22.0,0.0455,2.0,0.0,0.0,0.0,0.0,0.0,0.0,0.0,0.0,0.0,0.0,0.0,0.0,0.0,0.0,0.0,0.0,0.0,0.0,0.0,1.0,0.0,0.0,1,0,1,23,0.043478260869565216,0.0455
klebsiella_pneumoniae_ssp_pneumoniae,ec_mkftr3c8,barmm,marawi_city,tuca_kialdan,fish_tilapia,3,8,neg,>=32,r,<=2,s,,s,<=4,s,<=2,s,<=0.25,s,,s,<=0.5,s,<=1,s,,s,<=0.25,s,<=2,s,<=1,s,<=2,s,,,<=0.12,s,<=0.5,s,<=0.12,s,1,s,<=1,s,32,s,<=2,s,<=20,s,1.0,22.0,0.0455,2.0,0.0,0.0,0.0,0.0,0.0,0.0,0.0,0.0,0.0,0.0,0.0,0.0,0.0,0.0,0.0,0.0,0.0,0.0,0.0,0.0,0.0,0.0,1,0,1,23,0.043478260869565216,0.0455
klebsiella_pneumoniae_ssp_pneumoniae,ec_mkftr3c9,barmm,marawi_city,tuca_kialdan,fish_tilapia,3,9,neg,16,r,<=2,s,,s,<=4,s,<=2,s,<=0.25,s,,s,<=0.5,s,<=1,s,,s,<=0.25,s,<=2,s,<=1,s,<=2,s,,,<=0.12,s,<=0.5,s,<=0.12,s,1,s,<=1,s,32,s,<=2,s,<=20,s,1.0,22.0,0.0455,2.0,0.0,0.0,0.0,0.0,0.0,0.0,0.0,0.0,0.0,0.0,0.0,0.0,0.0,0.0,0.0,0.0,0.0,0.0,0.0,0.0,0.0,0.0,1,0,1,23,0.043478260869565216,0.0455
klebsiella_pneumoniae_ssp_pneumoniae,ec_mkftr3c13,barmm,marawi_city,tuca_kialdan,fish_tilapia,3,13,neg,>=32,r,4,s,,s,<=4,s,4,s,<=0.25,s,,s,<=0.5,s,<=1,s,,s,<=0.25,s,<=2,s,<=1,s,<=2,s,,,<=0.12,s,<=0.5,s,<=0.12,s,>=16,r,>=16,r,<=16,s,<=2,s,>=320,r,4.0,22.0,0.1818,2.0,0.0,0.0,0.0,0.0,0.0,0.0,0.0,0.0,0.0,0.0,0.0,0.0,0.0,0.0,0.0,0.0,0.0,2.0,2.0,0.0,0.0,2.0,2,0,4,23,0.17391304347826086,0.1818
klebsiella_pneumoniae_ssp_pneumoniae,ec_mkftr3c14,barmm,marawi_city,tuca_kialdan,fish_tilapia,3,14,neg,16,r,<=2,s,,s,<=4,s,<=2,s,<=0.25,s,,s,<=0.5,s,<=1,s,,s,<=0.25,s,<=2,s,<=1,s,<=2,s,,,<=0.12,s,<=0.5,s,<=0.12,s,1,s,<=1,s,<=16,s,<=2,s,<=20,s,1.0,22.0,0.0455,2.0,0.0,0.0,0.0,0.0,0.0,0.0,0.0,0.0,0.0,0.0,0.0,0.0,0.0,0.0,0.0,0.0,0.0,0.0,0.0,0.0,0.0,0.0,1,0,1,23,0.043478260869565216,0.0455
klebsiella_pneumoniae_ssp_pneumoniae,sal_mkftr1c1,barmm,marawi_city,tuca_kialdan,fish_tilapia,1,1,neg,≥32,r,≤2,s,,s,≤4,s,≤2,s,≤0.25,s,,s,≤0.5,s,≤1,s,,s,≤0.25,s,≤2,s,≤1,s,≤2,s,,,≤0.12,s,≤0.5,s,≤0.12,s,1,s,≤1,s,≤16,s,≤2,s,≤20,s,1.0,22.0,0.0455,2.0,0.0,0.0,0.0,0.0,0.0,0.0,0.0,0.0,0.0,0.0,0.0,0.0,0.0,0.0,0.0,0.0,0.0,0.0,0.0,0.0,0.0,0.0,1,0,1,23,0.043478260869565216,0.0455
escherichia_coli,sg_mkftr3c2,barmm,marawi_city,tuca_kialdan,fish_tilapia,3,2,neg,≥32,r,8,s,,s,8,s,32,r,≤0.25,s,,s,≤0.5,s,≤1,s,,s,≤0.25,s,≤2,s,≤1,s,≤2,s,,,≤0.12,s,≤0.5,s,≤0.12,s,1,s,≤1,s,≤16,s,4,s,≤20,s,2.0,22.0,0.0909,2.0,0.0,0.0,0.0,2.0,0.0,0.0,0.0,0.0,0.0,0.0,0.0,0.0,0.0,0.0,0.0,0.0,0.0,0.0,0.0,0.0,0.0,0.0,1,0,2,23,0.08695652173913043,0.0909
escherichia_coli,ec_mkfkr1c2,barmm,marawi_city,tuca_kialdan,fish_kaolang,1,2,neg,<=2,s,<=2,s,,s,8,s,4,s,<=0.25,s,,s,<=0.5,s,<=1,s,,s,<=0.25,s,<=2,s,<=1,s,<=2,s,,,<=0.12,s,<=0.5,s,<=0.12,s,>=16,r,>=16,r,<=16,s,8,s,<=20,s,2.0,22.0,0.0909,0.0,0.0,0.0,0.0,0.0,0.0,0.0,0.0,0.0,0.0,0.0,0.0,0.0,0.0,0.0,0.0,0.0,0.0,2.0,2.0,0.0,0.0,0.0,1,0,2,23,0.08695652173913043,0.0909
escherichia_coli,ec_mkfkr1c3,barmm,marawi_city,tuca_kialdan,fish_kaolang,1,3,neg,<=2,s,<=2,s,,s,8,s,4,s,<=0.25,s,,s,<=0.5,s,<=1,s,,s,<=0.25,s,<=2,s,<=1,s,<=2,s,,,<=0.12,s,<=0.5,s,<=0.12,s,>=16,r,>=16,r,<=16,s,8,s,<=20,s,2.0,22.0,0.0909,0.0,0.0,0.0,0.0,0.0,0.0,0.0,0.0,0.0,0.0,0.0,0.0,0.0,0.0,0.0,0.0,0.0,0.0,2.0,2.0,0.0,0.0,0.0,1,0,2,23,0.08695652173913043,0.0909
enterobacter_cloacae_complex,ec_mkfkr1c4,barmm,marawi_city,tuca_kialdan,fish_kaolang,1,4,,,,<=2,r,,,>=64,r,>=64,r,<=0.25,s,,s,<=0.5,s,<=1,s,,s,<=0.25,s,<=2,s,<=1,s,<=2,s,,,<=0.12,s,<=0.5,s,<=0.12,s,>=16,r,>=16,r,64,i,4,s,<=20,s,5.0,20.0,0.25,2.0,2.0,0.0,2.0,2.0,0.0,0.0,0.0,0.0,0.0,0.0,0.0,0.0,0.0,0.0,0.0,0.0,0.0,2.0,2.0,1.0,0.0,0.0,2,0,6,23,0.2608695652173913,0.25
escherichia_coli,ec_mkfkr1c6,barmm,marawi_city,tuca_kialdan,fish_kaolang,1,6,neg,<=2,s,<=2,s,,s,8,s,4,s,<=0.25,s,,s,<=0.5,s,<=1,s,,s,<=0.25,s,<=2,,<=1,s,<=2,s,,,<=0.12,s,<=0.5,s,<=0.12,s,>=16,r,>=16,r,<=16,s,8,s,<=20,s,2.0,22.0,0.0909,0.0,0.0,0.0,0.0,0.0,0.0,0.0,0.0,0.0,0.0,0.0,0.0,0.0,0.0,0.0,0.0,0.0,0.0,2.0,2.0,0.0,0.0,0.0,1,0,2,23,0.08695652173913043,0.0909
klebsiella_pneumoniae_ssp_pneumoniae,ec_mkfkr1c7,barmm,marawi_city,tuca_kialdan,fish_kaolang,1,7,neg,>=32,r,<=2,s,,s,<=4,s,<=2,s,<=0.25,s,,s,<=0.5,s,<=1,s,,s,<=0.25,s,<=2,s,<=1,s,<=2,s,,,<=0.12,s,<=0.5,s,<=0.12,s,2*,i,>=16,r,128,r,<=2,s,<=20,s,3.0,22.0,0.1364,2.0,0.0,0.0,0.0,0.0,0.0,0.0,0.0,0.0,0.0,0.0,0.0,0.0,0.0,0.0,0.0,0.0,0.0,1.0,2.0,2.0,0.0,0.0,3,1,3,23,0.13043478260869565,0.1364
escherichia_coli,ec_mkfkr1c8,barmm,marawi_city,tuca_kialdan,fish_kaolang,1,8,neg,<=2,s,<=2,s,,s,8,s,4,s,<=0.25,s,,s,<=0.5,s,<=1,s,,s,<=0.25,s,<=2,s,<=1,s,<=2,s,,,<=0.12,s,<=0.5,s,<=0.12,s,>=16,r,>=16,r,<=16,s,8,s,<=20,s,2.0,22.0,0.0909,0.0,0.0,0.0,0.0,0.0,0.0,0.0,0.0,0.0,0.0,0.0,0.0,0.0,0.0,0.0,0.0,0.0,0.0,2.0,2.0,0.0,0.0,0.0,1,0,2,23,0.08695652173913043,0.0909
enterobacter_cloacae_complex,ec_mkfkr1c9,barmm,marawi_city,tuca_kialdan,fish_kaolang,1,9,,,,>=32,r,,,>=64,r,>=64,r,2,s,,,4,i,<=1,s,,s,0.5,s,<=2,s,<=1,s,<=2,s,,,<=0.12,s,<=0.5,s,<=0.12,s,4,s,2,s,32,s,8,s,<=20,s,3.0,19.0,0.1579,2.0,2.0,0.0,2.0,2.0,0.0,0.0,1.0,0.0,0.0,0.0,0.0,0.0,0.0,0.0,0.0,0.0,0.0,0.0,0.0,0.0,0.0,0.0,1,0,4,23,0.17391304347826086,0.1579
klebsiella_pneumoniae_ssp_pneumoniae,ec_mkfkr1c11,barmm,marawi_city,tuca_kialdan,fish_kaolang,1,11,neg,>=32,r,>=32,r,,s,<=4,s,<=2,s,<=0.25,s,,s,<=0.5,s,<=1,s,,s,<=0.25,s,<=2,s,<=1,s,<=2,s,,,trm,,trm,,<=0.12,s,trm,,<=1,s,64,i,4,s,<=20,s,2.0,19.0,0.1053,2.0,2.0,0.0,0.0,0.0,0.0,0.0,0.0,0.0,0.0,0.0,0.0,0.0,0.0,0.0,0.0,0.0,0.0,0.0,0.0,1.0,0.0,0.0,1,0,2,23,0.08695652173913043,0.1053
klebsiella_pneumoniae_ssp_pneumoniae,ec_mkfkr1c15,barmm,marawi_city,tuca_kialdan,fish_kaolang,1,15,neg,>=32,r,4,s,,s,<=4,s,<=2,s,<=0.25,s,,s,<=0.5,s,<=1,s,,s,<=0.25,s,<=2,s,<=1,s,<=2,s,,,<=0.12,s,<=0.5,s,<=0.12,s,1,s,<=1,s,32,s,<=2,s,<=20,s,1.0,22.0,0.0455,2.0,0.0,0.0,0.0,0.0,0.0,0.0,0.0,0.0,0.0,0.0,0.0,0.0,0.0,0.0,0.0,0.0,0.0,0.0,0.0,0.0,0.0,0.0,1,0,1,23,0.043478260869565216,0.0455
klebsiella_pneumoniae_ssp_pneumoniae,ec_mkfkr1c16,barmm,marawi_city,tuca_kialdan,fish_kaolang,1,16,neg,>=32,r,<=2,s,,s,<=4,s,<=2,s,<=0.25,s,,s,<=0.5,s,<=1,s,,s,<=0.25,s,<=2,s,<=1,s,<=2,s,,,<=0.12,s,<=0.5,s,<=0.12,s,2*,i,>=16,r,64,i,4,s,<=20,s,2.0,22.0,0.0909,2.0,0.0,0.0,0.0,0.0,0.0,0.0,0.0,0.0,0.0,0.0,0.0,0.0,0.0,0.0,0.0,0.0,0.0,1.0,2.0,1.0,0.0,0.0,2,0,2,23,0.08695652173913043,0.0909
escherichia_coli,ec_mkfkr2c1,barmm,marawi_city,tuca_kialdan,fish_kaolang,2,1,neg,<=2,s,<=2,s,,s,8,s,8,s,<=0.25,s,,s,<=0.5,s,<=1,s,,s,<=0.25,s,<=2,s,<=1,s,<=2,s,,,<=0.12,s,<=0.5,s,<=0.12,s,>=16,r,>=16,r,<=16,s,8,s,<=20,s,2.0,22.0,0.0909,0.0,0.0,0.0,0.0,0.0,0.0,0.0,0.0,0.0,0.0,0.0,0.0,0.0,0.0,0.0,0.0,0.0,0.0,2.0,2.0,0.0,0.0,0.0,1,0,2,23,0.08695652173913043,0.0909
klebsiella_pneumoniae_ssp_pneumoniae,ec_mkfkr2c2,barmm,marawi_city,tuca_kialdan,fish_kaolang,2,2,neg,>=32,r,<=2,s,,s,<=4,s,<=2,s,<=0.25,s,,s,<=0.5,s,<=1,s,,s,<=0.25,s,<=2,s,<=1,s,<=2,s,,,<=0.12,s,<=0.5,s,<=0.12,s,1,s,<=1,s,64,i,<=2,s,<=20,s,1.0,22.0,0.0455,2.0,0.0,0.0,0.0,0.0,0.0,0.0,0.0,0.0,0.0,0.0,0.0,0.0,0.0,0.0,0.0,0.0,0.0,0.0,0.0,1.0,0.0,0.0,1,0,1,23,0.043478260869565216,0.0455
klebsiella_pneumoniae_ssp_pneumoniae,ec_mkfkr2c3,barmm,marawi_city,tuca_kialdan,fish_kaolang,2,3,neg,16,r,<=2,s,,s,<=4,s,<=2,s,<=0.25,s,,s,<=0.5,s,<=1,s,,s,<=0.25,s,<=2,s,<=1,s,<=2,s,,,<=0.12,s,<=0.5,s,<=0.12,s,1,s,<=1,s,32,s,<=2,s,<=20,s,1.0,22.0,0.0455,2.0,0.0,0.0,0.0,0.0,0.0,0.0,0.0,0.0,0.0,0.0,0.0,0.0,0.0,0.0,0.0,0.0,0.0,0.0,0.0,0.0,0.0,0.0,1,0,1,23,0.043478260869565216,0.0455
klebsiella_pneumoniae_ssp_pneumoniae,ec_mkfkr2c6,barmm,marawi_city,tuca_kialdan,fish_kaolang,2,6,neg,16,r,4,s,,s,<=4,s,<=2,s,<=0.25,s,,s,1,s,<=1,s,,s,<=0.25,s,<=2,s,<=1,s,<=2,s,,,<=0.12,s,<=0.5,s,<=0.12,s,1,s,<=1,s,64,i,4,s,<=20,s,1.0,22.0,0.0455,2.0,0.0,0.0,0.0,0.0,0.0,0.0,0.0,0.0,0.0,0.0,0.0,0.0,0.0,0.0,0.0,0.0,0.0,0.0,0.0,1.0,0.0,0.0,1,0,1,23,0.043478260869565216,0.0455
klebsiella_pneumoniae_ssp_pneumoniae,ec_mkfkr2c13,barmm,marawi_city,tuca_kialdan,fish_kaolang,2,13,neg,>=32,r,<=2,s,,s,>=64,r,>=64,r,<=0.25,s,,s,1,s,<=1,s,,s,<=0.25,s,<=2,s,<=1,s,<=2,s,,,0.25,s,<=0.5,s,<=0.12,s,>=16,r,>=16,r,64,i,<=2,s,<=20,s,5.0,22.0,0.2273,2.0,0.0,0.0,2.0,2.0,0.0,0.0,0.0,0.0,0.0,0.0,0.0,0.0,0.0,0.0,0.0,0.0,0.0,2.0,2.0,1.0,0.0,0.0,2,0,5,23,0.21739130434782608,0.2273
klebsiella_pneumoniae_ssp_pneumoniae,ec_mkfkr2c14,barmm,marawi_city,tuca_kialdan,fish_kaolang,2,14,neg,>=32,r,<=2,s,,s,<=4,s,<=2,s,<=0.25,s,,s,<=0.5,s,<=1,s,,s,<=0.25,s,<=2,s,<=1,s,<=2,s,,,<=0.12,s,<=0.5,s,<=0.12,s,1,s,<=1,s,32,s,<=2,s,<=20,s,1.0,22.0,0.0455,2.0,0.0,0.0,0.0,0.0,0.0,0.0,0.0,0.0,0.0,0.0,0.0,0.0,0.0,0.0,0.0,0.0,0.0,0.0,0.0,0.0,0.0,0.0,1,0,1,23,0.043478260869565216,0.0455
escherichia_coli,ec_mkfkr2c15,barmm,marawi_city,tuca_kialdan,fish_kaolang,2,15,neg,<=2,s,<=2,s,,s,8,s,8,s,<=0.25,s,,s,<=0.5,s,<=1,s,,s,<=0.25,s,<=2,s,<=1,s,<=2,s,,,<=0.12,s,<=0.5,s,<=0.12,s,>=16,r,>=16,r,<=16,s,8,s,<=20,s,2.0,22.0,0.0909,0.0,0.0,0.0,0.0,0.0,0.0,0.0,0.0,0.0,0.0,0.0,0.0,0.0,0.0,0.0,0.0,0.0,0.0,2.0,2.0,0.0,0.0,0.0,1,0,2,23,0.08695652173913043,0.0909
escherichia_coli,ec_mkfkr3c2,barmm,marawi_city,tuca_kialdan,fish_kaolang,3,2,neg,<=2,s,<=2,s,,s,8,s,4,s,<=0.25,s,,s,<=0.5,s,<=1,s,,s,<=0.25,s,<=2,s,<=1,s,<=2,s,,,<=0.12,s,<=0.5,s,<=0.12,s,>=16,r,>=16,r,<=16,s,8,s,<=20,s,2.0,22.0,0.0909,0.0,0.0,0.0,0.0,0.0,0.0,0.0,0.0,0.0,0.0,0.0,0.0,0.0,0.0,0.0,0.0,0.0,0.0,2.0,2.0,0.0,0.0,0.0,1,0,2,23,0.08695652173913043,0.0909
enterobacter_cloacae_complex,ec_mkfkr3c3,barmm,marawi_city,tuca_kialdan,fish_kaolang,3,3,,,,<=2,r,,,8,r,4*,r,<=0.25,s,,s,1,s,<=1,s,,s,<=0.25,s,<=2,s,<=1,s,<=2,s,,,<=0.12,s,<=0.5,s,<=0.12,s,>=16,r,>=16,r,<=16,s,8,s,<=20,s,5.0,20.0,0.25,2.0,2.0,0.0,2.0,2.0,0.0,0.0,0.0,0.0,0.0,0.0,0.0,0.0,0.0,0.0,0.0,0.0,0.0,2.0,2.0,0.0,0.0,0.0,2,0,6,23,0.2608695652173913,0.25
enterobacter_cloacae_complex,ec_mkfkr3c4,barmm,marawi_city,tuca_kialdan,fish_kaolang,3,4,,,,<=2,r,,,8,r,4*,r,<=0.25,s,,s,1,s,<=1,s,,s,<=0.25,s,<=2,s,<=1,s,<=2,s,,,<=0.12,s,<=0.5,s,<=0.12,s,>=16,r,>=16,r,<=16,s,8,s,<=20,s,5.0,20.0,0.25,2.0,2.0,0.0,2.0,2.0,0.0,0.0,0.0,0.0,0.0,0.0,0.0,0.0,0.0,0.0,0.0,0.0,0.0,2.0,2.0,0.0,0.0,0.0,2,0,6,23,0.2608695652173913,0.25
enterobacter_aerogenes,ec_mkfkr3c7,barmm,marawi_city,tuca_kialdan,fish_kaolang,3,7,,,,>=32,r,,s,>=64,r,16,r,<=0.25,s,,s,1,s,<=1,s,,s,1,s,<=2,s,<=1,s,<=2,s,,,<=0.12,s,<=0.5,s,<=0.12,s,1,s,<=1,s,64,i,4,s,<=20,s,3.0,21.0,0.1429,2.0,2.0,0.0,2.0,2.0,0.0,0.0,0.0,0.0,0.0,0.0,0.0,0.0,0.0,0.0,0.0,0.0,0.0,0.0,0.0,1.0,0.0,0.0,1,0,4,23,0.17391304347826086,0.1429
klebsiella_pneumoniae_ssp_pneumoniae,ec_mkfkr3c10,barmm,marawi_city,tuca_kialdan,fish_kaolang,3,10,neg,16,r,<=2,s,,s,<=4,s,<=2,s,<=0.25,s,,s,<=0.5,s,<=1,s,,s,<=0.25,s,<=2,s,<=1,s,<=2,s,,,<=0.12,s,<=0.5,s,<=0.12,s,1,s,<=1,s,32,s,<=2,s,<=20,s,1.0,22.0,0.0455,2.0,0.0,0.0,0.0,0.0,0.0,0.0,0.0,0.0,0.0,0.0,0.0,0.0,0.0,0.0,0.0,0.0,0.0,0.0,0.0,0.0,0.0,0.0,1,0,1,23,0.043478260869565216,0.0455
enterobacter_aerogenes,ec_mkfkr3c11,barmm,marawi_city,tuca_kialdan,fish_kaolang,3,11,,,,<=2,s,,,<=4,s,<=2,s,<=0.25,s,,,<=0.5,s,<=1,s,,s,<=0.25,s,<=2,s,<=1,s,<=2,s,,,<=0.12,s,<=0.5,s,<=0.12,s,1,s,<=1,s,64,i,<=2,s,<=20,s,0.0,19.0,0.0,2.0,0.0,0.0,0.0,0.0,0.0,0.0,0.0,0.0,0.0,0.0,0.0,0.0,0.0,0.0,0.0,0.0,0.0,0.0,0.0,1.0,0.0,0.0,1,0,1,23,0.043478260869565216,0.0
klebsiella_pneumoniae_ssp_pneumoniae,ec_mkfkr3c13,barmm,marawi_city,tuca_kialdan,fish_kaolang,3,13,neg,>=32,r,<=2,s,,s,>=64,r,<=2*,s,<=0.25,s,,s,<=0.5,s,2,s,,s,<=0.25,s,<=2,s,<=1,s,<=2,s,,,<=0.12,s,<=0.5,s,<=0.12,s,1,s,<=1,s,32,s,<=2,s,<=20,s,2.0,22.0,0.0909,2.0,0.0,0.0,2.0,0.0,0.0,0.0,0.0,0.0,0.0,0.0,0.0,0.0,0.0,0.0,0.0,0.0,0.0,0.0,0.0,0.0,0.0,0.0,1,0,2,23,0.08695652173913043,0.0909
escherichia_coli,sal_mkfkr2c1,barmm,marawi_city,tuca_kialdan,fish_kaolang,2,1,neg,8,s,≤2,s,,s,8,s,16,i,≤0.25,s,,s,≤0.5,s,≤1,s,,s,≤0.25,s,≤2,s,≤1,s,≤2,s,,,≤0.12,s,≤0.5,s,≤0.12,s,2,s,2,s,≤16,s,16,i,≤20,s,0.0,22.0,0.0,0.0,0.0,0.0,0.0,1.0,0.0,0.0,0.0,0.0,0.0,0.0,0.0,0.0,0.0,0.0,0.0,0.0,0.0,0.0,0.0,0.0,1.0,0.0,0,0,0,23,0.0,0.0
escherichia_coli,sal_mkfkr2c3,barmm,marawi_city,tuca_kialdan,fish_kaolang,2,3,neg,4,s,≤2,s,,s,8,s,8,s,≤0.25,s,,s,1,s,≤1,s,,s,≤0.25,s,≤2,s,≤1,s,≤2,s,,,≤0.12,s,≤0.5,s,≤0.12,s,1,s,≤1,s,≤16,s,8,s,≤20,s,0.0,22.0,0.0,0.0,0.0,0.0,0.0,0.0,0.0,0.0,0.0,0.0,0.0,0.0,0.0,0.0,0.0,0.0,0.0,0.0,0.0,0.0,0.0,0.0,0.0,0.0,0,0,0,23,0.0,0.0
klebsiella_pneumoniae_ssp_pneumoniae,ec_mrdwr1c1,barmm,marawi_city,gadongan,drinking_water,1,1,neg,>=32,r,<=2,s,,s,<=4,s,<=2,s,<=0.25,s,,s,<=0.5,s,<=1,s,,s,0.5,s,<=2,s,8,i,4,s,,,<=0.12,s,<=0.5,s,<=0.12,s,>=16,r,>=16,r,64,i,>=64,r,>=320,r,5.0,22.0,0.2273,2.0,0.0,0.0,0.0,0.0,0.0,0.0,0.0,0.0,0.0,0.0,0.0,1.0,0.0,0.0,0.0,0.0,0.0,2.0,2.0,1.0,2.0,2.0,3,1,5,23,0.21739130434782608,0.2273
klebsiella_pneumoniae_ssp_pneumoniae,ec_mrdwr1c2,barmm,marawi_city,gadongan,drinking_water,1,2,neg,>=32,r,<=2,s,,s,<=4,s,<=2,s,<=0.25,s,,s,<=0.5,s,<=1,s,,s,<=0.25,s,<=2,s,<=1,s,<=2,s,,,<=0.12,s,<=0.5,s,<=0.12,s,>=16,r,>=16,r,32,s,<=2,s,<=20,s,3.0,22.0,0.1364,2.0,0.0,0.0,0.0,0.0,0.0,0.0,0.0,0.0,0.0,0.0,0.0,0.0,0.0,0.0,0.0,0.0,0.0,2.0,2.0,0.0,0.0,0.0,2,0,3,23,0.13043478260869565,0.1364
klebsiella_pneumoniae_ssp_pneumoniae,ec_mrdwr3c14,barmm,marawi_city,gadongan,drinking_water,3,14,neg,>=32,r,<=2,s,,s,<=4,s,<=2,s,<=0.25,s,,s,<=0.5,s,<=1,s,,s,<=0.25,s,<=2,s,<=1,s,<=2,s,,,<=0.12,s,<=0.5,s,<=0.12,s,1,s,<=1,s,64,i,<=2,s,<=20,s,1.0,22.0,0.0455,2.0,0.0,0.0,0.0,0.0,0.0,0.0,0.0,0.0,0.0,0.0,0.0,0.0,0.0,0.0,0.0,0.0,0.0,0.0,0.0,1.0,0.0,0.0,1,0,1,23,0.043478260869565216,0.0455
klebsiella_pneumoniae_ssp_pneumoniae,vc_mrdwr1c1,barmm,marawi_city,gadongan,drinking_water,1,1,neg,>=32,r,4,s,,s,16,s,<=2,s,<=0.25,s,,s,<=0.5,s,<=1,s,,s,8*,s,<=2,s,<=1,s,<=2,s,,,<=0.12,s,<=0.5,s,<=0.12,s,<=0.5,s,<=1,s,<=16,s,<=2,s,<=20,s,1.0,22.0,0.0455,2.0,0.0,0.0,0.0,0.0,0.0,0.0,0.0,0.0,0.0,0.0,0.0,0.0,0.0,0.0,0.0,0.0,0.0,0.0,0.0,0.0,0.0,0.0,1,0,1,23,0.043478260869565216,0.0455
enterobacter_cloacae_complex,vc_mrdwr2c2,barmm,marawi_city,gadongan,drinking_water,2,2,,,,8,r,,,>=64,r,>=64,r,<=0.25,s,,s,1,s,<=1,s,,s,0.5,s,<=2,s,<=1,s,trm,,,,<=0.12,s,<=0.5,s,<=0.12,s,2,s,4,s,64,i,4,s,<=20,s,3.0,19.0,0.1579,2.0,2.0,0.0,2.0,2.0,0.0,0.0,0.0,0.0,0.0,0.0,0.0,0.0,0.0,0.0,0.0,0.0,0.0,0.0,0.0,1.0,0.0,0.0,1,0,4,23,0.17391304347826086,0.1579
escherichia_coli,ec_mrlwr1c3,barmm,marawi_city,gadongan,lake_water,1,3,neg,<=2,s,<=2,s,,s,8,s,4,s,<=0.25,s,,s,<=0.5,s,<=1,s,,s,<=0.25,s,<=2,s,<=1,s,<=2,s,,,<=0.12,s,<=0.5,s,<=0.12,s,>=16,r,>=16,r,<=16,s,4,s,<=20,s,2.0,22.0,0.0909,0.0,0.0,0.0,0.0,0.0,0.0,0.0,0.0,0.0,0.0,0.0,0.0,0.0,0.0,0.0,0.0,0.0,0.0,2.0,2.0,0.0,0.0,0.0,1,0,2,23,0.08695652173913043,0.0909
escherichia_coli,ec_mrlwr1c4,barmm,marawi_city,gadongan,lake_water,1,4,neg,4,s,<=2,s,,s,8,s,4,s,<=0.25,s,,s,<=0.5,s,<=1,s,,s,<=0.25,s,<=2,s,<=1,s,<=2,s,,,<=0.12,s,<=0.5,s,<=0.12,s,1,s,<=1,s,<=16,s,4,s,<=20,s,0.0,22.0,0.0,0.0,0.0,0.0,0.0,0.0,0.0,0.0,0.0,0.0,0.0,0.0,0.0,0.0,0.0,0.0,0.0,0.0,0.0,0.0,0.0,0.0,0.0,0.0,0,0,0,23,0.0,0.0
klebsiella_pneumoniae_ssp_pneumoniae,ec_mrlwr1c6,barmm,marawi_city,gadongan,lake_water,1,6,neg,16,r,4,s,,s,<=4,s,<=2,s,<=0.25,s,,s,<=0.5,s,<=1,s,,s,<=0.25,s,<=2,s,<=1,s,<=2,s,,,<=0.12,s,<=0.5,s,<=0.12,s,1,s,<=1,s,32,s,<=2,s,<=20,s,1.0,22.0,0.0455,2.0,0.0,0.0,0.0,0.0,0.0,0.0,0.0,0.0,0.0,0.0,0.0,0.0,0.0,0.0,0.0,0.0,0.0,0.0,0.0,0.0,0.0,0.0,1,0,1,23,0.043478260869565216,0.0455
klebsiella_pneumoniae_ssp_pneumoniae,ec_mrlwr1c9,barmm,marawi_city,gadongan,lake_water,1,9,neg,>=32,r,<=2,s,,s,<=4,s,<=2,s,<=0.25,s,,s,<=0.5,s,<=1,s,,s,<=0.25,s,<=2,s,<=1,s,<=2,s,,,<=0.12,s,<=0.5,s,<=0.12,s,1,s,<=1,s,32,s,4,s,<=20,s,1.0,22.0,0.0455,2.0,0.0,0.0,0.0,0.0,0.0,0.0,0.0,0.0,0.0,0.0,0.0,0.0,0.0,0.0,0.0,0.0,0.0,0.0,0.0,0.0,0.0,0.0,1,0,1,23,0.043478260869565216,0.0455
escherichia_coli,ec_mrlwr1c10,barmm,marawi_city,gadongan,lake_water,1,10,neg,8,s,<=2,s,,s,8,s,16,i,0.5,s,,s,<=0.5,s,<=1,s,,s,<=0.25,s,<=2,s,<=1,s,<=2,s,,,<=0.12,s,<=0.5,s,<=0.12,s,1,s,<=1,s,<=16,s,16,i,<=20,s,0.0,22.0,0.0,0.0,0.0,0.0,0.0,1.0,0.0,0.0,0.0,0.0,0.0,0.0,0.0,0.0,0.0,0.0,0.0,0.0,0.0,0.0,0.0,0.0,1.0,0.0,0,0,0,23,0.0,0.0
klebsiella_pneumoniae_ssp_pneumoniae,ec_mrlwr1c11,barmm,marawi_city,gadongan,lake_water,1,11,neg,16,r,4,s,,s,<=4,s,<=2,s,<=0.25,s,,s,<=0.5,s,<=1,s,,s,<=0.25,s,<=2,s,<=1,s,<=2,s,,,<=0.12,s,<=0.5,s,<=0.12,s,1,s,<=1,s,32,s,<=2,s,<=20,s,1.0,22.0,0.0455,2.0,0.0,0.0,0.0,0.0,0.0,0.0,0.0,0.0,0.0,0.0,0.0,0.0,0.0,0.0,0.0,0.0,0.0,0.0,0.0,0.0,0.0,0.0,1,0,1,23,0.043478260869565216,0.0455
klebsiella_pneumoniae_ssp_pneumoniae,ec_mrlwr1c13,barmm,marawi_city,gadongan,lake_water,1,13,neg,<=2*,r,<=2,s,,s,<=4,s,<=2,s,<=0.25,s,,s,<=0.5,s,<=1,s,,s,<=0.25,s,<=2,s,<=1,s,<=2,s,,,<=0.12,s,<=0.5,s,<=0.12,s,1,s,<=1,s,<=16,s,<=2,s,<=20,s,1.0,22.0,0.0455,2.0,0.0,0.0,0.0,0.0,0.0,0.0,0.0,0.0,0.0,0.0,0.0,0.0,0.0,0.0,0.0,0.0,0.0,0.0,0.0,0.0,0.0,0.0,1,0,1,23,0.043478260869565216,0.0455
klebsiella_pneumoniae_ssp_pneumoniae,ec_mrlwr1c16,barmm,marawi_city,gadongan,lake_water,1,16,neg,>=32,r,<=2,s,,s,<=4,s,<=2,s,<=0.25,s,,s,<=0.5,s,<=1,s,,s,<=0.25,s,<=2,s,<=1,s,<=2,s,,,<=0.12,s,<=0.5,s,<=0.12,s,1,s,<=1,s,32,s,<=2,s,<=20,s,1.0,22.0,0.0455,2.0,0.0,0.0,0.0,0.0,0.0,0.0,0.0,0.0,0.0,0.0,0.0,0.0,0.0,0.0,0.0,0.0,0.0,0.0,0.0,0.0,0.0,0.0,1,0,1,23,0.043478260869565216,0.0455
klebsiella_pneumoniae_ssp_pneumoniae,ec_mrlwr1c20,barmm,marawi_city,gadongan,lake_water,1,20,neg,>=32,r,<=2,s,,s,<=4,s,<=2,s,<=0.25,s,,s,<=0.5,s,<=1,s,,s,<=0.25,s,<=2,s,<=1,s,<=2,s,,,<=0.12,s,<=0.5,s,<=0.12,s,1,s,<=1,s,32,s,<=2,s,<=20,s,1.0,22.0,0.0455,2.0,0.0,0.0,0.0,0.0,0.0,0.0,0.0,0.0,0.0,0.0,0.0,0.0,0.0,0.0,0.0,0.0,0.0,0.0,0.0,0.0,0.0,0.0,1,0,1,23,0.043478260869565216,0.0455
escherichia_coli,ec_mrlwr2c1,barmm,marawi_city,gadongan,lake_water,2,1,neg,<=2,s,<=2,s,,s,8,s,4,s,<=0.25,s,,s,,s,<=1,s,,s,<=0.25,s,<=2,s,<=1,s,<=2,s,,,<=0.12,s,<=0.5,s,<=0.12,s,1,s,<=1,s,<=16,s,4,s,<=20,s,0.0,22.0,0.0,0.0,0.0,0.0,0.0,0.0,0.0,0.0,0.0,0.0,0.0,0.0,0.0,0.0,0.0,0.0,0.0,0.0,0.0,0.0,0.0,0.0,0.0,0.0,0,0,0,23,0.0,0.0
escherichia_coli,ec_mrlwr2c3,barmm,marawi_city,gadongan,lake_water,2,3,neg,>=32,r,16,i,,s,8,s,16,i,<=0.25,s,,s,1,s,<=1,s,,s,<=0.25,s,<=2,s,<=1,s,<=2,s,,,<=0.12,s,<=0.5,s,<=0.12,s,1,s,<=1,s,<=16,s,8,s,>=320,r,2.0,22.0,0.0909,2.0,1.0,0.0,0.0,1.0,0.0,0.0,0.0,0.0,0.0,0.0,0.0,0.0,0.0,0.0,0.0,0.0,0.0,0.0,0.0,0.0,0.0,2.0,1,0,2,23,0.08695652173913043,0.0909
escherichia_coli,ec_mrlwr2c7,barmm,marawi_city,gadongan,lake_water,2,7,neg,>=32,r,>=32,r,,,8,s,>=64,r,0.5,s,,,2,s,<=1,s,,,<=0.25,s,<=2,s,<=1,s,<=2,s,,,<=0.12,s,<=0.5,s,<=0.12,s,1,s,<=1,s,<=16,s,8,s,<=20,s,3.0,19.0,0.1579,2.0,2.0,0.0,0.0,2.0,0.0,0.0,0.0,0.0,0.0,0.0,0.0,0.0,0.0,0.0,0.0,0.0,0.0,0.0,0.0,0.0,0.0,0.0,1,0,3,23,0.13043478260869565,0.1579
escherichia_coli,ec_mrlwr2c10,barmm,marawi_city,gadongan,lake_water,2,10,neg,>=32,r,4,s,,s,8,s,16,i,<=0.25,s,,s,1,s,<=1,s,,s,<=0.25,s,<=2,s,<=1,s,<=2,s,,,2,i,2,i,0.25,s,>=16,r,>=16,r,<=16,s,16,i,>=320,r,4.0,22.0,0.1818,2.0,0.0,0.0,0.0,1.0,0.0,0.0,0.0,0.0,0.0,0.0,0.0,0.0,0.0,0.0,1.0,1.0,0.0,2.0,2.0,0.0,1.0,2.0,2,0,4,23,0.17391304347826086,0.1818
klebsiella_pneumoniae_ssp_pneumoniae,ec_mrlwr2c11,barmm,marawi_city,gadongan,lake_water,2,11,neg,>=32,r,<=2,s,,s,<=4,s,<=2,s,<=0.25,s,,s,<=0.5,s,<=1,s,,s,<=0.25,s,<=2,s,<=1,s,<=2,s,,,<=0.12,s,<=0.5,s,<=0.12,s,1,s,<=1,s,64,i,<=2,s,<=20,s,1.0,22.0,0.0455,2.0,0.0,0.0,0.0,0.0,0.0,0.0,0.0,0.0,0.0,0.0,0.0,0.0,0.0,0.0,0.0,0.0,0.0,0.0,0.0,1.0,0.0,0.0,1,0,1,23,0.043478260869565216,0.0455
klebsiella_pneumoniae_ssp_pneumoniae,ec_mrlwr2c17,barmm,marawi_city,gadongan,lake_water,2,17,neg,>=32,r,<=2,s,,s,<=4,s,<=2,s,<=0.25,s,,s,1,s,<=1,s,,s,0.5,s,<=2,s,<=1,s,<=2,s,,,<=0.12,s,<=0.5,s,<=0.12,s,1,s,<=1,s,64,i,4,s,<=20,s,1.0,22.0,0.0455,2.0,0.0,0.0,0.0,0.0,0.0,0.0,0.0,0.0,0.0,0.0,0.0,0.0,0.0,0.0,0.0,0.0,0.0,0.0,0.0,1.0,0.0,0.0,1,0,1,23,0.043478260869565216,0.0455
klebsiella_pneumoniae_ssp_pneumoniae,ec_mrlwr3c12,barmm,marawi_city,gadongan,lake_water,3,12,neg,>=32,r,<=2,s,,s,<=4,s,<=2,s,<=0.25,s,,s,<=0.5,s,<=1,s,,s,<=0.25,s,<=2,s,<=1,s,<=2,s,,,<=0.12,s,<=0.5,s,<=0.12,s,1,s,<=1,s,64,i,<=2,s,<=20,s,1.0,22.0,0.0455,2.0,0.0,0.0,0.0,0.0,0.0,0.0,0.0,0.0,0.0,0.0,0.0,0.0,0.0,0.0,0.0,0.0,0.0,0.0,0.0,1.0,0.0,0.0,1,0,1,23,0.043478260869565216,0.0455
escherichia_coli,ec_mrlwr3c16,barmm,marawi_city,gadongan,lake_water,3,16,neg,4,s,<=2,s,,s,8,s,4,s,<=0.25,s,,s,<=0.5,s,<=1,s,,s,<=0.25,s,<=2,s,<=1,s,<=2,s,,,<=0.12,s,<=0.5,s,<=0.12,s,1,s,<=1,s,<=16,s,8,s,<=20,s,0.0,22.0,0.0,0.0,0.0,0.0,0.0,0.0,0.0,0.0,0.0,0.0,0.0,0.0,0.0,0.0,0.0,0.0,0.0,0.0,0.0,0.0,0.0,0.0,0.0,0.0,0,0,0,23,0.0,0.0
escherichia_coli,ec_mrlwr3c17,barmm,marawi_city,gadongan,lake_water,3,17,neg,<=2,s,<=2,s,,s,<=4,s,4,s,<=0.25,s,,s,<=0.5,s,<=1,s,,s,<=0.25,s,<=2,s,<=1,s,<=2,s,,,<=0.12,s,<=0.5,s,<=0.12,s,>=16,r,>=16,r,32,s,8,s,<=20,s,2.0,22.0,0.0909,0.0,0.0,0.0,0.0,0.0,0.0,0.0,0.0,0.0,0.0,0.0,0.0,0.0,0.0,0.0,0.0,0.0,0.0,2.0,2.0,0.0,0.0,0.0,1,0,2,23,0.08695652173913043,0.0909
escherichia_coli,ec_mrlwr3c20,barmm,marawi_city,gadongan,lake_water,3,20,neg,>=32,r,4,s,,s,8,s,4,s,<=0.25,s,,s,<=0.5,s,<=1,s,,s,<=0.25,s,<=2,s,<=1,s,<=2,s,,,1,i,<=0.5,s,0.25,s,>=16,r,>=16,r,32,s,4,s,<=20,s,3.0,22.0,0.1364,2.0,0.0,0.0,0.0,0.0,0.0,0.0,0.0,0.0,0.0,0.0,0.0,0.0,0.0,0.0,1.0,0.0,0.0,2.0,2.0,0.0,0.0,0.0,2,0,3,23,0.13043478260869565,0.1364
enterobacter_cloacae_complex,vc_mrlwr3c5,barmm,marawi_city,gadongan,lake_water,3,5,,,,>=32,r,,,>=64,r,>=64,r,1,s,,s,1,s,2,s,,s,<=0.25,s,<=2,s,<=1,s,<=2,s,,,<=0.12,s,<=0.5,s,<=0.12,s,2,s,2,s,<=16,s,4,s,<=20,s,3.0,20.0,0.15,2.0,2.0,0.0,2.0,2.0,0.0,0.0,0.0,0.0,0.0,0.0,0.0,0.0,0.0,0.0,0.0,0.0,0.0,0.0,0.0,0.0,0.0,0.0,1,0,4,23,0.17391304347826086,0.15
escherichia_coli,ec_mrftr1c2,barmm,marawi_city,gadongan,fish_tilapia,1,2,neg,4,s,<=2,s,,s,8,s,4,s,<=0.25,s,,s,<=0.5,s,<=1,s,,s,<=0.25,s,<=2,s,<=1,s,<=2,s,,,<=0.12,s,<=0.5,s,<=0.12,s,1,s,<=1,s,<=16,s,4,s,<=20,s,0.0,22.0,0.0,0.0,0.0,0.0,0.0,0.0,0.0,0.0,0.0,0.0,0.0,0.0,0.0,0.0,0.0,0.0,0.0,0.0,0.0,0.0,0.0,0.0,0.0,0.0,0,0,0,23,0.0,0.0
klebsiella_pneumoniae_ssp_pneumoniae,ec_mrftr1c4,barmm,marawi_city,gadongan,fish_tilapia,1,4,neg,>=32,r,<=2,s,,s,<=4,s,4,s,<=0.25,s,,s,<=0.5,s,<=1,s,,s,<=0.25,s,<=2,s,<=1,s,<=2,s,,,<=0.12,s,<=0.5,s,<=0.12,s,1,s,<=1,s,64,i,4,s,<=20,s,1.0,22.0,0.0455,2.0,0.0,0.0,0.0,0.0,0.0,0.0,0.0,0.0,0.0,0.0,0.0,0.0,0.0,0.0,0.0,0.0,0.0,0.0,0.0,1.0,0.0,0.0,1,0,1,23,0.043478260869565216,0.0455
klebsiella_pneumoniae_ssp_pneumoniae,ec_mrftr1c9,barmm,marawi_city,gadongan,fish_tilapia,1,9,neg,>=32,r,<=2,s,,s,<=4,s,<=2,s,<=0.25,s,,s,<=0.5,s,<=1,s,,s,<=0.25,s,<=2,s,<=1,s,<=2,s,,,<=0.12,s,<=0.5,s,<=0.12,s,1,s,<=1,s,64,i,4,s,<=20,s,1.0,22.0,0.0455,2.0,0.0,0.0,0.0,0.0,0.0,0.0,0.0,0.0,0.0,0.0,0.0,0.0,0.0,0.0,0.0,0.0,0.0,0.0,0.0,1.0,0.0,0.0,1,0,1,23,0.043478260869565216,0.0455
klebsiella_pneumoniae_ssp_pneumoniae,ec_mrftr1c10,barmm,marawi_city,gadongan,fish_tilapia,1,10,neg,>=32,r,<=2,s,,s,<=4,s,<=2,s,<=0.25,s,,s,<=0.5,s,<=1,s,,s,<=0.25,s,<=2,s,<=1,s,<=2,s,,,<=0.12,s,<=0.5,s,<=0.12,s,1,s,<=1,s,64,i,4,s,<=20,s,1.0,22.0,0.0455,2.0,0.0,0.0,0.0,0.0,0.0,0.0,0.0,0.0,0.0,0.0,0.0,0.0,0.0,0.0,0.0,0.0,0.0,0.0,0.0,1.0,0.0,0.0,1,0,1,23,0.043478260869565216,0.0455
klebsiella_pneumoniae_ssp_pneumoniae,ec_mrftr2c3,barmm,marawi_city,gadongan,fish_tilapia,2,3,neg,>=32,r,<=2,s,,s,<=4,s,<=2,s,<=0.25,s,,s,<=0.5,s,<=1,s,,s,<=0.25,s,<=2,s,<=1,s,<=2,s,,,<=0.12,s,<=0.5,s,<=0.12,s,1,s,<=1,s,<=16,s,<=2,s,<=20,s,1.0,22.0,0.0455,2.0,0.0,0.0,0.0,0.0,0.0,0.0,0.0,0.0,0.0,0.0,0.0,0.0,0.0,0.0,0.0,0.0,0.0,0.0,0.0,0.0,0.0,0.0,1,0,1,23,0.043478260869565216,0.0455
klebsiella_pneumoniae_ssp_pneumoniae,ec_mrftr2c5,barmm,marawi_city,gadongan,fish_tilapia,2,5,neg,16,r,<=2,s,,s,<=4,s,<=2,s,<=0.25,s,,s,<=0.5,s,<=1,s,,s,<=0.25,s,<=2,s,<=1,s,<=2,s,,,<=0.12,s,<=0.5,s,<=0.12,s,1,s,<=1,s,32,s,<=2,s,<=20,s,1.0,22.0,0.0455,2.0,0.0,0.0,0.0,0.0,0.0,0.0,0.0,0.0,0.0,0.0,0.0,0.0,0.0,0.0,0.0,0.0,0.0,0.0,0.0,0.0,0.0,0.0,1,0,1,23,0.043478260869565216,0.0455
escherichia_coli,ec_mrftr2c6,barmm,marawi_city,gadongan,fish_tilapia,2,6,neg,4,s,<=2,s,,s,8,s,16,i,<=0.25,s,,s,<=0.5,s,<=1,s,,s,<=0.25,s,<=2,s,<=1,s,<=2,s,,,<=0.12,s,<=0.5,s,<=0.12,s,1,s,<=1,s,<=16,s,4,s,<=20,s,0.0,22.0,0.0,0.0,0.0,0.0,0.0,1.0,0.0,0.0,0.0,0.0,0.0,0.0,0.0,0.0,0.0,0.0,0.0,0.0,0.0,0.0,0.0,0.0,0.0,0.0,0,0,0,23,0.0,0.0
escherichia_coli,ec_mrftr2c7,barmm,marawi_city,gadongan,fish_tilapia,2,7,neg,4,s,<=2,s,,s,8,s,16,i,<=0.25,s,,s,<=0.5,s,<=1,s,,s,<=0.25,s,<=2,s,<=1,s,<=2,s,,,<=0.12,s,<=0.5,s,<=0.12,s,1,s,<=1,s,<=16,s,4,s,<=20,s,0.0,22.0,0.0,0.0,0.0,0.0,0.0,1.0,0.0,0.0,0.0,0.0,0.0,0.0,0.0,0.0,0.0,0.0,0.0,0.0,0.0,0.0,0.0,0.0,0.0,0.0,0,0,0,23,0.0,0.0
escherichia_coli,ec_mrftr2c8,barmm,marawi_city,gadongan,fish_tilapia,2,8,neg,4,s,<=2,s,,s,8,s,4,s,<=0.25,s,,s,<=0.5,s,<=1,s,,s,<=0.25,s,<=2,s,<=1,s,<=2,s,,,<=0.12,s,<=0.5,s,<=0.12,s,1,s,<=1,s,<=16,s,4,s,<=20,s,0.0,22.0,0.0,0.0,0.0,0.0,0.0,0.0,0.0,0.0,0.0,0.0,0.0,0.0,0.0,0.0,0.0,0.0,0.0,0.0,0.0,0.0,0.0,0.0,0.0,0.0,0,0,0,23,0.0,0.0
escherichia_coli,ec_mrftr2c10,barmm,marawi_city,gadongan,fish_tilapia,2,10,neg,4,s,<=2,s,,s,8,s,4,s,<=0.25,s,,s,<=0.5,s,<=1,s,,s,<=0.25,s,<=2,s,<=1,s,<=2,s,,,<=0.12,s,<=0.5,s,<=0.12,s,1,s,<=1,s,<=16,s,8,s,<=20,s,0.0,22.0,0.0,0.0,0.0,0.0,0.0,0.0,0.0,0.0,0.0,0.0,0.0,0.0,0.0,0.0,0.0,0.0,0.0,0.0,0.0,0.0,0.0,0.0,0.0,0.0,0,0,0,23,0.0,0.0
escherichia_coli,ec_mrftr3c1,barmm,marawi_city,gadongan,fish_tilapia,3,1,neg,4,s,<=2,s,,s,8,s,4,s,<=0.25,s,,s,<=0.5,s,<=1,s,,s,<=0.25,s,<=2,s,<=1,s,<=2,s,,,<=0.12,s,<=0.5,s,<=0.12,s,1,s,<=1,s,<=16,s,4,s,<=20,s,0.0,22.0,0.0,0.0,0.0,0.0,0.0,0.0,0.0,0.0,0.0,0.0,0.0,0.0,0.0,0.0,0.0,0.0,0.0,0.0,0.0,0.0,0.0,0.0,0.0,0.0,0,0,0,23,0.0,0.0
klebsiella_pneumoniae_ssp_pneumoniae,ec_mrftr3c2,barmm,marawi_city,gadongan,fish_tilapia,3,2,neg,4,s,<=2,s,,s,8,s,4,s,<=0.25,s,,s,<=0.5,s,<=1,s,,s,<=0.25,s,<=2,s,<=1,s,<=2,s,,,<=0.12,s,<=0.5,s,<=0.12,s,1,s,<=1,s,<=16,s,4,s,<=20,s,0.0,22.0,0.0,0.0,0.0,0.0,0.0,0.0,0.0,0.0,0.0,0.0,0.0,0.0,0.0,0.0,0.0,0.0,0.0,0.0,0.0,0.0,0.0,0.0,0.0,0.0,0,0,0,23,0.0,0.0
escherichia_coli,ec_mrftr3c3,barmm,marawi_city,gadongan,fish_tilapia,3,3,neg,4,s,<=2,s,,s,8,s,4,s,<=0.25,s,,s,<=0.5,s,<=1,s,,s,<=0.25,s,<=2,s,<=1,s,<=2,s,,,<=0.12,s,<=0.5,s,<=0.12,s,1,s,<=1,s,<=16,s,4,s,<=20,s,0.0,22.0,0.0,0.0,0.0,0.0,0.0,0.0,0.0,0.0,0.0,0.0,0.0,0.0,0.0,0.0,0.0,0.0,0.0,0.0,0.0,0.0,0.0,0.0,0.0,0.0,0,0,0,23,0.0,0.0
klebsiella_pneumoniae_spp_ozaenae,ec_mrftr3c4,barmm,marawi_city,gadongan,fish_tilapia,3,4,neg,>=32,r,<=2,s,,s,<=4,s,<=2,s,<=0.25,s,,s,<=0.5,s,<=1,s,,s,<=0.25,s,<=2,s,<=1,s,<=2,s,,,<=0.12,s,<=0.5,s,<=0.12,s,1,s,<=1,s,32,s,<=2,s,<=20,s,1.0,22.0,0.0455,2.0,0.0,0.0,0.0,0.0,0.0,0.0,0.0,0.0,0.0,0.0,0.0,0.0,0.0,0.0,0.0,0.0,0.0,0.0,0.0,0.0,0.0,0.0,1,0,1,23,0.043478260869565216,0.0455
escherichia_coli,ec_mrftr3c5,barmm,marawi_city,gadongan,fish_tilapia,3,5,neg,4,s,<=2,s,,s,8,s,4,s,<=0.25,s,,s,<=0.5,s,<=1,s,,s,<=0.25,s,<=2,s,<=1,s,<=2,s,,,<=0.12,s,<=0.5,s,<=0.12,s,1,s,<=1,s,<=16,s,4,s,<=20,s,0.0,22.0,0.0,0.0,0.0,0.0,0.0,0.0,0.0,0.0,0.0,0.0,0.0,0.0,0.0,0.0,0.0,0.0,0.0,0.0,0.0,0.0,0.0,0.0,0.0,0.0,0,0,0,23,0.0,0.0
escherichia_coli,ec_mrftr3c6,barmm,marawi_city,gadongan,fish_tilapia,3,6,neg,>=32,r,>=32,r,,,>=64,r,>=64,r,2,s,,,<=0.5,s,<=1,s,,s,0.5,s,<=2,s,<=1,s,<=2,s,,,<=0.12,s,<=0.5,s,<=0.12,s,1,s,<=1,s,<=16,s,4,s,<=20,s,4.0,20.0,0.2,2.0,2.0,0.0,2.0,2.0,0.0,0.0,0.0,0.0,0.0,0.0,0.0,0.0,0.0,0.0,0.0,0.0,0.0,0.0,0.0,0.0,0.0,0.0,1,0,4,23,0.17391304347826086,0.2
escherichia_coli,ec_mrftr3c8,barmm,marawi_city,gadongan,fish_tilapia,3,8,neg,4,r,<=2,s,,s,8,s,4,s,<=0.25,s,,s,1,s,<=1,s,,s,<=0.25,s,<=2,s,<=1,s,<=2,s,,,<=0.12,s,<=0.5,s,<=0.12,s,1,s,<=1,s,<=16,s,8,s,<=20,s,1.0,22.0,0.0455,2.0,0.0,0.0,0.0,0.0,0.0,0.0,0.0,0.0,0.0,0.0,0.0,0.0,0.0,0.0,0.0,0.0,0.0,0.0,0.0,0.0,0.0,0.0,1,0,1,23,0.043478260869565216,0.0455
klebsiella_pneumoniae_ssp_pneumoniae,ec_mrftr3c11,barmm,marawi_city,gadongan,fish_tilapia,3,11,neg,16,r,<=2,s,,s,<=4,s,<=2,s,<=0.25,s,,s,<=0.5,s,<=1,s,,s,<=0.25,s,<=2,s,<=1,s,<=2,s,,,<=0.12,s,<=0.5,s,<=0.12,s,1,s,<=1,s,32,s,<=2,s,<=20,s,1.0,22.0,0.0455,2.0,0.0,0.0,0.0,0.0,0.0,0.0,0.0,0.0,0.0,0.0,0.0,0.0,0.0,0.0,0.0,0.0,0.0,0.0,0.0,0.0,0.0,0.0,1,0,1,23,0.043478260869565216,0.0455
enterobacter_aerogenes,sg_mrftr1c2,barmm,marawi_city,gadongan,fish_tilapia,1,2,,,,<=2,r,,s,16,r,8,r,<=0.25,s,,s,<=0.5,s,<=1,s,,s,2,i,<=2,s,<=1,s,<=2,s,,,<=0.12,s,<=0.5,s,<=0.12,s,>=16,r,>=16,r,64,i,<=2,s,<=20,s,5.0,21.0,0.2381,2.0,2.0,0.0,2.0,2.0,0.0,0.0,0.0,0.0,0.0,1.0,0.0,0.0,0.0,0.0,0.0,0.0,0.0,2.0,2.0,1.0,0.0,0.0,2,0,6,23,0.2608695652173913,0.2381
escherichia_coli,vc_mrftr1c2,barmm,marawi_city,gadongan,fish_tilapia,1,2,neg,>=32,r,4,s,,s,8,s,16,i,0.5,s,,s,1,s,<=1,s,,s,<=0.25,s,<=2,s,<=1,s,<=2,s,,,<=0.12,s,<=0.5,s,<=0.12,s,4,s,>=16,r,<=16,s,4,s,<=20,s,2.0,22.0,0.0909,2.0,0.0,0.0,0.0,1.0,0.0,0.0,0.0,0.0,0.0,0.0,0.0,0.0,0.0,0.0,0.0,0.0,0.0,0.0,2.0,0.0,0.0,0.0,2,0,2,23,0.08695652173913043,0.0909
escherichia_coli,vc_mrftr3c1,barmm,marawi_city,gadongan,fish_tilapia,3,1,neg,4,s,<=2,s,,s,8,s,4,s,<=0.25,s,,s,<=0.5,s,<=1,s,,s,<=0.25,s,<=2,s,<=1,s,<=2,s,,,<=0.12,s,<=0.5,s,<=0.12,s,1,s,<=1,s,<=16,s,8,s,<=20,s,0.0,22.0,0.0,0.0,0.0,0.0,0.0,0.0,0.0,0.0,0.0,0.0,0.0,0.0,0.0,0.0,0.0,0.0,0.0,0.0,0.0,0.0,0.0,0.0,0.0,0.0,0,0,0,23,0.0,0.0
escherichia_coli,ec_mrfkr1c3,barmm,marawi_city,gadongan,fish_kaolang,1,3,neg,16,r,<=2,s,,s,<=4,s,<=2,s,<=0.25,s,,s,<=0.5,s,<=1,s,,s,<=0.25,s,<=2,s,<=1,s,<=2,s,,,<=0.12,s,<=0.5,s,<=0.12,s,1,s,<=1,s,<=16,s,<=2,s,<=20,s,1.0,22.0,0.0455,2.0,0.0,0.0,0.0,0.0,0.0,0.0,0.0,0.0,0.0,0.0,0.0,0.0,0.0,0.0,0.0,0.0,0.0,0.0,0.0,0.0,0.0,0.0,1,0,1,23,0.043478260869565216,0.0455
klebsiella_pneumoniae_ssp_pneumoniae,ec_mrfkr1c5,barmm,marawi_city,gadongan,fish_kaolang,1,5,neg,16,r,4,s,,s,<=4,s,<=2,s,<=0.25,s,,s,1,s,<=1,s,,s,<=0.25,s,<=2,s,<=1,s,<=2,s,,,<=0.12,s,<=0.5,s,<=0.12,s,1,s,<=1,s,32,s,4,s,<=20,s,1.0,22.0,0.0455,2.0,0.0,0.0,0.0,0.0,0.0,0.0,0.0,0.0,0.0,0.0,0.0,0.0,0.0,0.0,0.0,0.0,0.0,0.0,0.0,0.0,0.0,0.0,1,0,1,23,0.043478260869565216,0.0455
escherichia_coli,ec_mrfkr2c1,barmm,marawi_city,gadongan,fish_kaolang,2,1,neg,4,s,<=2,s,,s,8,s,4,s,<=0.25,s,,s,1,s,<=1,s,,s,<=0.25,s,<=2,s,<=1,s,<=2,s,,,<=0.12,s,<=0.5,s,<=0.12,s,1,s,<=1,s,<=16,s,4,s,<=20,s,0.0,22.0,0.0,0.0,0.0,0.0,0.0,0.0,0.0,0.0,0.0,0.0,0.0,0.0,0.0,0.0,0.0,0.0,0.0,0.0,0.0,0.0,0.0,0.0,0.0,0.0,0,0,0,23,0.0,0.0
klebsiella_pneumoniae_ssp_pneumoniae,ec_mrfkr2c2,barmm,marawi_city,gadongan,fish_kaolang,2,2,neg,>=32,r,>=32,r,,,>=64,r,>=64,r,>=8,r,,,>=8,r,>=8,r,,,>=16,r,<=2,s,<=1,s,<=2,s,,,1,i,1,s,0.5,s,>=16,r,>=16,r,64,i,<=2,s,>=320,r,11.0,22.0,0.5,2.0,2.0,0.0,2.0,2.0,2.0,0.0,2.0,2.0,0.0,2.0,0.0,0.0,0.0,0.0,1.0,0.0,0.0,2.0,2.0,1.0,0.0,2.0,3,1,11,23,0.4782608695652174,0.5
klebsiella_pneumoniae_ssp_pneumoniae,ec_mrfkr2c5,barmm,marawi_city,gadongan,fish_kaolang,2,5,neg,16,r,<=2,s,,s,<=4,s,<=2,s,<=0.25,s,,s,<=0.5,s,<=1,s,,s,<=0.25,s,<=2,s,<=1,s,<=2,s,,,<=0.12,s,<=0.5,s,<=0.12,s,1,s,<=1,s,<=16,s,<=2,s,<=20,s,1.0,22.0,0.0455,2.0,0.0,0.0,0.0,0.0,0.0,0.0,0.0,0.0,0.0,0.0,0.0,0.0,0.0,0.0,0.0,0.0,0.0,0.0,0.0,0.0,0.0,0.0,1,0,1,23,0.043478260869565216,0.0455
escherichia_coli,ec_mrfkr2c7,barmm,marawi_city,gadongan,fish_kaolang,2,7,neg,>=32,r,8,s,,s,8,s,16,i,<=0.25,s,,s,<=0.5,s,<=1,s,,s,<=0.25,s,<=2,s,<=1,s,<=2,s,,,<=0.12,s,<=0.5,s,<=0.12,s,<=0.5,s,<=1,s,<=16,s,4,s,>=320,r,2.0,22.0,0.0909,2.0,0.0,0.0,0.0,1.0,0.0,0.0,0.0,0.0,0.0,0.0,0.0,0.0,0.0,0.0,0.0,0.0,0.0,0.0,0.0,0.0,0.0,2.0,1,0,2,23,0.08695652173913043,0.0909
escherichia_coli,ec_mrfkr3c3,barmm,marawi_city,gadongan,fish_kaolang,3,3,neg,>=32,r,4,s,,s,8,s,8,s,<=0.25,s,,s,1,s,<=1,s,,s,<=0.25,s,<=2,s,<=1,s,<=2,s,,,<=0.12,s,<=0.5,s,<=0.12,s,>=16,r,>=16,r,<=16,s,4,s,<=20,s,3.0,22.0,0.1364,2.0,0.0,0.0,0.0,0.0,0.0,0.0,0.0,0.0,0.0,0.0,0.0,0.0,0.0,0.0,0.0,0.0,0.0,2.0,2.0,0.0,0.0,0.0,2,0,3,23,0.13043478260869565,0.1364
klebsiella_pneumoniae_ssp_pneumoniae,ec_mrfkr3c6,barmm,marawi_city,gadongan,fish_kaolang,3,6,neg,>=32,r,<=2,s,,s,<=4,s,<=2,s,<=0.25,s,,s,<=0.5,s,<=1,s,,s,<=0.25,s,<=2,s,<=1,s,<=2,s,,,<=0.12,s,<=0.5,s,<=0.12,s,1,s,<=1,s,<=16,s,<=2,s,<=20,s,1.0,22.0,0.0455,2.0,0.0,0.0,0.0,0.0,0.0,0.0,0.0,0.0,0.0,0.0,0.0,0.0,0.0,0.0,0.0,0.0,0.0,0.0,0.0,0.0,0.0,0.0,1,0,1,23,0.043478260869565216,0.0455
escherichia_coli,ec_mrfkr3c7,barmm,marawi_city,gadongan,fish_kaolang,3,7,neg,<=2*,r,<=2,s,,s,8,s,4,s,<=0.25,s,,s,1,s,<=1,s,,s,<=0.25,s,<=2,s,<=1,s,<=2,s,,,<=0.12,s,<=0.5,s,<=0.12,s,1,s,<=1,s,<=16,s,4,s,<=20,s,1.0,22.0,0.0455,2.0,0.0,0.0,0.0,0.0,0.0,0.0,0.0,0.0,0.0,0.0,0.0,0.0,0.0,0.0,0.0,0.0,0.0,0.0,0.0,0.0,0.0,0.0,1,0,1,23,0.043478260869565216,0.0455
klebsiella_pneumoniae_ssp_pneumoniae,ec_mrfkr3c9,barmm,marawi_city,gadongan,fish_kaolang,3,9,neg,>=32,r,<=2,s,,s,<=4,s,<=2,s,<=0.25,s,,s,<=0.5,s,<=1,s,,s,<=0.25,s,<=2,s,<=1,s,<=2,s,,,<=0.12,s,<=0.5,s,<=0.12,s,1,s,<=1,s,32,s,<=2,s,<=20,s,1.0,22.0,0.0455,2.0,0.0,0.0,0.0,0.0,0.0,0.0,0.0,0.0,0.0,0.0,0.0,0.0,0.0,0.0,0.0,0.0,0.0,0.0,0.0,0.0,0.0,0.0,1,0,1,23,0.043478260869565216,0.0455
klebsiella_pneumoniae_ssp_pneumoniae,vc_mrfkr1c3,barmm,marawi_city,gadongan,fish_kaolang,1,3,neg,16,r,<=2,s,,s,<=4,s,<=2,s,<=0.25,s,,s,<=0.5,s,<=1,s,,s,<=0.25,s,<=2,s,<=1,s,<=2,s,,,<=0.12,s,<=0.5,s,<=0.12,s,1,s,<=1,s,<=16,s,<=2,s,<=20,s,1.0,22.0,0.0455,2.0,0.0,0.0,0.0,0.0,0.0,0.0,0.0,0.0,0.0,0.0,0.0,0.0,0.0,0.0,0.0,0.0,0.0,0.0,0.0,0.0,0.0,0.0,1,0,1,23,0.043478260869565216,0.0455
klebsiella_pneumoniae_ssp_pneumoniae,vc_mrfkr2c5,barmm,marawi_city,gadongan,fish_kaolang,2,5,neg,>=32,r,<=2,s,,s,<=4,s,<=2,s,<=0.25,s,,s,<=0.5,s,<=1,s,,s,<=0.25,s,<=2,s,<=1,s,<=2,s,,,<=0.12,s,<=0.5,s,<=0.12,s,1,s,<=1,s,<=16,s,<=2,s,<=20,s,1.0,22.0,0.0455,2.0,0.0,0.0,0.0,0.0,0.0,0.0,0.0,0.0,0.0,0.0,0.0,0.0,0.0,0.0,0.0,0.0,0.0,0.0,0.0,0.0,0.0,0.0,1,0,1,23,0.043478260869565216,0.0455
enterobacter_cloacae_complex,vc_mrfkr3c2,barmm,marawi_city,gadongan,fish_kaolang,3,2,,,,4,r,,,>=64,r,16,r,2,s,,s,2,s,<=1,s,,,<=0.25,s,<=2,s,<=1,s,<=2,s,,,<=0.12,s,<=0.5,s,<=0.12,s,2,s,2,s,64,i,16,i,<=20,s,3.0,19.0,0.1579,2.0,2.0,0.0,2.0,2.0,0.0,0.0,0.0,0.0,0.0,0.0,0.0,0.0,0.0,0.0,0.0,0.0,0.0,0.0,0.0,1.0,1.0,0.0,1,0,4,23,0.17391304347826086,0.1579
escherichia_coli,ec_maewur1c1,barmm,marawi_city,apmc,effluent_water_untreated,1,1,neg,>=32,r,16,i,,s,<=4,s,16,s,<=0.25,s,,s,1,s,<=1,s,,s,<=0.25,s,<=2,s,<=1,s,<=2,s,,,0.5,s,<=0.5,s,<=-0.12,s,1,s,<=1,s,<=16,s,8,s,>=320,r,2.0,22.0,0.0909,2.0,1.0,0.0,0.0,0.0,0.0,0.0,0.0,0.0,0.0,0.0,0.0,0.0,0.0,0.0,0.0,0.0,0.0,0.0,0.0,0.0,0.0,2.0,1,0,2,23,0.08695652173913043,0.0909
escherichia_coli,ec_maewur1c6,barmm,marawi_city,apmc,effluent_water_untreated,1,6,neg,<=2,s,<=2,s,,s,<=4,s,4,s,<=0.25,s,,s,<=0.5,s,<=1,s,,s,<=0.25,s,<=2,s,<=1,s,<=2,s,,,<=0.12,s,<=0.5,s,<=0.12,s,1,s,<=1,s,<=16,s,4,s,<=20,s,0.0,22.0,0.0,0.0,0.0,0.0,0.0,0.0,0.0,0.0,0.0,0.0,0.0,0.0,0.0,0.0,0.0,0.0,0.0,0.0,0.0,0.0,0.0,0.0,0.0,0.0,0,0,0,23,0.0,0.0
klebsiella_pneumoniae_ssp_pneumoniae,ec_maewur1c7,barmm,marawi_city,apmc,effluent_water_untreated,1,7,neg,8,r,<=2,s,,s,8,s,4,s,<=0.25,s,,s,1,s,<=1,s,,s,<=0.25,s,<=2,s,<=1,s,<=2,s,,,<=0.12,s,<=0.5,s,<=0.12,s,1,s,<=1,s,<=16,s,8,s,<=20,s,1.0,22.0,0.0455,2.0,0.0,0.0,0.0,0.0,0.0,0.0,0.0,0.0,0.0,0.0,0.0,0.0,0.0,0.0,0.0,0.0,0.0,0.0,0.0,0.0,0.0,0.0,1,0,1,23,0.043478260869565216,0.0455
escherichia_coli,ec_maewur1c9,barmm,marawi_city,apmc,effluent_water_untreated,1,9,neg,>=32,r,4,s,,s,<=4,s,4,s,<=0.25,s,,s,<=0.5,s,<=1,s,,s,<=0.25,s,<=2,s,<=1,s,<=2,s,,,<=0.12,s,<=0.5,s,<=0.12,s,1,s,<=1,s,<=16,s,4,s,<=20,s,1.0,22.0,0.0455,2.0,0.0,0.0,0.0,0.0,0.0,0.0,0.0,0.0,0.0,0.0,0.0,0.0,0.0,0.0,0.0,0.0,0.0,0.0,0.0,0.0,0.0,0.0,1,0,1,23,0.043478260869565216,0.0455
klebsiella_pneumoniae_ssp_pneumoniae,ec_maewur1c14,barmm,marawi_city,apmc,effluent_water_untreated,1,14,neg,>=32,r,<=2,s,,s,<=4,s,<=2,s,<=0.25,s,,s,<=0.5,s,<=1,s,,s,<=0.25,s,<=2,s,<=1,s,<=2,s,,,<=0.12,s,<=0.5,s,<=0.12,s,1,s,<=1,s,32,s,<=2,s,<=20,s,1.0,22.0,0.0455,2.0,0.0,0.0,0.0,0.0,0.0,0.0,0.0,0.0,0.0,0.0,0.0,0.0,0.0,0.0,0.0,0.0,0.0,0.0,0.0,0.0,0.0,0.0,1,0,1,23,0.043478260869565216,0.0455
escherichia_coli,ec_maewur1c16,barmm,marawi_city,apmc,effluent_water_untreated,1,16,neg,8,s,<=2,s,,s,<=4,s,4,s,<=0.25,s,,s,1,s,<=1,s,,s,<=0.25,s,<=2,s,<=1,s,<=2,s,,,0.5,s,<=0.5,s,<=-0.12,s,1,s,<=1,s,<=16,s,8,s,<=20,s,0.0,22.0,0.0,0.0,0.0,0.0,0.0,0.0,0.0,0.0,0.0,0.0,0.0,0.0,0.0,0.0,0.0,0.0,0.0,0.0,0.0,0.0,0.0,0.0,0.0,0.0,0,0,0,23,0.0,0.0
klebsiella_pneumoniae_ssp_pneumoniae,ec_maewur1c21,barmm,marawi_city,apmc,effluent_water_untreated,1,21,neg,16,r,<=2,s,,s,<=4,s,<=2,s,<=0.25,s,,s,<=0.5,s,<=1,s,,s,<=0.25,s,<=2,s,<=1,s,<=2,s,,,<=0.12,s,<=0.5,s,<=0.12,s,1,s,<=1,s,<=16,s,<=2,s,<=20,s,1.0,22.0,0.0455,2.0,0.0,0.0,0.0,0.0,0.0,0.0,0.0,0.0,0.0,0.0,0.0,0.0,0.0,0.0,0.0,0.0,0.0,0.0,0.0,0.0,0.0,0.0,1,0,1,23,0.043478260869565216,0.0455
escherichia_coli,ec_maewur1c27,barmm,marawi_city,apmc,effluent_water_untreated,1,27,neg,<=2,s,<=2,s,,s,<=4,s,<=2,s,<=0.25,s,,s,<=0.5,s,<=1,s,,s,<=0.25,s,<=2,s,<=1,s,<=2,s,,,<=0.12,s,<=0.5,s,<=0.12,s,>=16,r,<=16,r,<=16,s,4,s,<=20,s,2.0,22.0,0.0909,0.0,0.0,0.0,0.0,0.0,0.0,0.0,0.0,0.0,0.0,0.0,0.0,0.0,0.0,0.0,0.0,0.0,0.0,2.0,2.0,0.0,0.0,0.0,1,0,2,23,0.08695652173913043,0.0909
klebsiella_pneumoniae_ssp_pneumoniae,ec_maewur1c28,barmm,marawi_city,apmc,effluent_water_untreated,1,28,neg,16,r,<=2,s,,s,<=4,s,<=2,s,<=0.25,s,,s,<=0.5,s,<=1,s,,s,<=0.25,s,<=2,s,<=1,s,<=2,s,,,<=0.12,s,<=0.5,s,<=0.12,s,1,s,<=1,s,32,s,<=2,s,<=20,s,1.0,22.0,0.0455,2.0,0.0,0.0,0.0,0.0,0.0,0.0,0.0,0.0,0.0,0.0,0.0,0.0,0.0,0.0,0.0,0.0,0.0,0.0,0.0,0.0,0.0,0.0,1,0,1,23,0.043478260869565216,0.0455
escherichia_coli,ec_maewur1c29,barmm,marawi_city,apmc,effluent_water_untreated,1,29,neg,>=32,r,<=2,s,,s,8,s,4,s,<=0.25,s,,s,<=0.5,s,<=1,s,,s,<=0.25,s,<=2,s,2,s,<=2,s,,,1,i,<=0.5,s,0.25,s,>=16,r,8,i,<=16,s,8,s,<=20,s,1.0,22.0,0.0455,2.0,0.0,0.0,0.0,0.0,0.0,0.0,0.0,0.0,0.0,0.0,0.0,0.0,0.0,0.0,1.0,0.0,0.0,2.0,1.0,0.0,0.0,0.0,2,0,2,23,0.08695652173913043,0.0455
escherichia_coli,ec_maewur2c1,barmm,marawi_city,apmc,effluent_water_untreated,2,1,neg,>=32,r,16,i,,s,<=4,s,16,i,<=0.25,s,,s,1,s,<=1,s,,s,<=0.25,s,<=2,s,<=1,s,<=2,s,,,0.5,s,<=0.5,s,<=-0.12,s,1,s,<=1,s,<=16,s,8,s,>=320,r,2.0,22.0,0.0909,2.0,1.0,0.0,0.0,1.0,0.0,0.0,0.0,0.0,0.0,0.0,0.0,0.0,0.0,0.0,0.0,0.0,0.0,0.0,0.0,0.0,0.0,2.0,1,0,2,23,0.08695652173913043,0.0909
escherichia_coli,ec_maewur2c2,barmm,marawi_city,apmc,effluent_water_untreated,2,2,neg,<=2,s,<=2,s,,s,<=4,s,4,s,<=0.25,s,,s,<=0.5,s,<=1,s,,s,<=0.25,s,<=2,s,<=1,s,<=2,s,,,<=0.12,s,<=0.5,s,<=0.12,s,<=0.5,s,<=1,s,<=16,s,<=2,s,<=20,s,0.0,22.0,0.0,0.0,0.0,0.0,0.0,0.0,0.0,0.0,0.0,0.0,0.0,0.0,0.0,0.0,0.0,0.0,0.0,0.0,0.0,0.0,0.0,0.0,0.0,0.0,0,0,0,23,0.0,0.0
klebsiella_pneumoniae_ssp_pneumoniae,ec_maewur2c5,barmm,marawi_city,apmc,effluent_water_untreated,2,5,neg,<=2*,s,<=2,s,,s,<=4,s,4,s,<=0.25,s,,s,<=0.5,s,<=1,s,,s,<=0.25,s,<=2,s,<=1,s,<=2,s,,,<=0.12,s,<=0.5,s,<=0.12,s,1,s,<=1,s,<=16,s,4,s,<=20,s,0.0,22.0,0.0,0.0,0.0,0.0,0.0,0.0,0.0,0.0,0.0,0.0,0.0,0.0,0.0,0.0,0.0,0.0,0.0,0.0,0.0,0.0,0.0,0.0,0.0,0.0,0,0,0,23,0.0,0.0
escherichia_coli,ec_maewur2c6,barmm,marawi_city,apmc,effluent_water_untreated,2,6,neg,<=2,s,<=2,s,,s,<=4,s,4,s,<=0.25,s,,s,<=0.5,s,<=1,s,,s,<=0.25,s,<=2,s,<=1,s,<=2,s,,,<=0.12,s,<=0.5,s,<=0.12,s,<=0.5,s,<=1,s,<=16,s,<=2,s,<=20,s,0.0,22.0,0.0,0.0,0.0,0.0,0.0,0.0,0.0,0.0,0.0,0.0,0.0,0.0,0.0,0.0,0.0,0.0,0.0,0.0,0.0,0.0,0.0,0.0,0.0,0.0,0,0,0,23,0.0,0.0
klebsiella_pneumoniae_ssp_pneumoniae,ec_maewur2c11,barmm,marawi_city,apmc,effluent_water_untreated,2,11,neg,16,r,<=2,s,,s,<=4,s,<=2,s,<=0.25,s,,s,<=0.5,s,<=1,s,,s,<=0.25,s,<=2,s,<=1,s,<=2,s,,,<=0.12,s,<=0.5,s,<=0.12,s,1,s,<=1,s,32,s,<=2,s,<=20,s,1.0,22.0,0.0455,2.0,0.0,0.0,0.0,0.0,0.0,0.0,0.0,0.0,0.0,0.0,0.0,0.0,0.0,0.0,0.0,0.0,0.0,0.0,0.0,0.0,0.0,0.0,1,0,1,23,0.043478260869565216,0.0455
escherichia_coli,ec_maewur2c16,barmm,marawi_city,apmc,effluent_water_untreated,2,16,neg,<=2,s,<=2,s,,s,<=4,s,4,s,<=0.25,s,,s,<=0.5,s,<=1,s,,s,<=0.25,s,<=2,s,<=1,s,<=2,s,,,<=0.12,s,<=0.5,s,<=0.12,s,1,s,<=1,s,<=16,s,<=2,s,<=20,s,0.0,22.0,0.0,0.0,0.0,0.0,0.0,0.0,0.0,0.0,0.0,0.0,0.0,0.0,0.0,0.0,0.0,0.0,0.0,0.0,0.0,0.0,0.0,0.0,0.0,0.0,0,0,0,23,0.0,0.0
klebsiella_pneumoniae_ssp_pneumoniae,ec_maewur2c18,barmm,marawi_city,apmc,effluent_water_untreated,2,18,neg,16,r,<=2,s,,s,<=4,s,<=2,s,<=0.25,s,,s,<=0.5,s,<=1,s,,s,<=0.25,s,<=2,s,<=1,s,<=2,s,,,<=0.12,s,<=0.5,s,<=0.12,s,1,s,<=1,s,<=16,s,<=2,s,<=20,s,1.0,22.0,0.0455,2.0,0.0,0.0,0.0,0.0,0.0,0.0,0.0,0.0,0.0,0.0,0.0,0.0,0.0,0.0,0.0,0.0,0.0,0.0,0.0,0.0,0.0,0.0,1,0,1,23,0.043478260869565216,0.0455
escherichia_coli,ec_maewur2c20,barmm,marawi_city,apmc,effluent_water_untreated,2,20,neg,<=2,s,<=2,s,,s,<=4,s,4,s,<=0.25,s,,s,<=0.5,s,<=1,s,,s,<=0.25,s,<=2,s,<=1,s,<=2,s,,,<=0.12,s,<=0.5,s,<=0.12,s,4,s,<=16,r,<=16,s,<=2,s,<=20,s,1.0,22.0,0.0455,0.0,0.0,0.0,0.0,0.0,0.0,0.0,0.0,0.0,0.0,0.0,0.0,0.0,0.0,0.0,0.0,0.0,0.0,0.0,2.0,0.0,0.0,0.0,1,0,1,23,0.043478260869565216,0.0455
escherichia_coli,ec_maewur2c23,barmm,marawi_city,apmc,effluent_water_untreated,2,23,neg,<=2,s,<=2,s,,s,<=4,s,4,s,<=0.25,s,,s,<=0.5,s,<=1,s,,s,<=0.25,s,<=2,s,<=1,s,<=2,s,,,<=0.12,s,<=0.5,s,<=0.12,s,1,s,<=1,s,<=16,s,<=2,s,<=20,s,0.0,22.0,0.0,0.0,0.0,0.0,0.0,0.0,0.0,0.0,0.0,0.0,0.0,0.0,0.0,0.0,0.0,0.0,0.0,0.0,0.0,0.0,0.0,0.0,0.0,0.0,0,0,0,23,0.0,0.0
escherichia_coli,ec_maewur2c26,barmm,marawi_city,apmc,effluent_water_untreated,2,26,neg,8,s,<=2,s,,s,8,s,4,s,<=0.25,s,,s,1,s,<=1,s,,s,<=0.25,s,<=2,s,<=1,s,<=2,s,,,<=0.12,s,<=0.5,s,<=0.12,s,1,s,<=1,s,<=16,s,<=2,s,<=20,s,0.0,22.0,0.0,0.0,0.0,0.0,0.0,0.0,0.0,0.0,0.0,0.0,0.0,0.0,0.0,0.0,0.0,0.0,0.0,0.0,0.0,0.0,0.0,0.0,0.0,0.0,0,0,0,23,0.0,0.0
escherichia_coli,ec_maewur2c30,barmm,marawi_city,apmc,effluent_water_untreated,2,30,neg,4,s,<=2,s,,s,8,s,4,s,<=0.25,s,,s,<=0.5,s,<=1,s,,s,<=0.25,s,<=2,s,<=1,s,<=2,s,,,<=0.12,s,<=0.5,s,<=0.12,s,1,s,<=1,s,<=16,s,8,s,<=20,s,0.0,22.0,0.0,0.0,0.0,0.0,0.0,0.0,0.0,0.0,0.0,0.0,0.0,0.0,0.0,0.0,0.0,0.0,0.0,0.0,0.0,0.0,0.0,0.0,0.0,0.0,0,0,0,23,0.0,0.0
escherichia_coli,ec_maewur3c1,barmm,marawi_city,apmc,effluent_water_untreated,3,1,neg,16,r,4,s,,s,8,s,16,i,<=0.25,s,,s,<=0.5,s,<=1,s,,s,<=0.25,s,<=2,s,<=1,s,<=2,s,,,<=0.12,s,<=0.5,s,<=0.12,s,<=0.5,s,<=1,s,<=16,s,<=2,s,>=320,r,2.0,22.0,0.0909,2.0,0.0,0.0,0.0,1.0,0.0,0.0,0.0,0.0,0.0,0.0,0.0,0.0,0.0,0.0,0.0,0.0,0.0,0.0,0.0,0.0,0.0,2.0,1,0,2,23,0.08695652173913043,0.0909
escherichia_coli,ec_maewur3c2,barmm,marawi_city,apmc,effluent_water_untreated,3,2,neg,>=32,r,4,s,,s,8,s,4,s,<=0.25,s,,s,<=0.5,s,<=1,s,,s,<=0.25,s,<=2,s,<=1,s,<=2,s,,,"0,5",s,<=0.5,s,0.25,s,4,s,<=16,r,<=16,s,>=64,r,<=20,s,3.0,22.0,0.1364,2.0,0.0,0.0,0.0,0.0,0.0,0.0,0.0,0.0,0.0,0.0,0.0,0.0,0.0,0.0,0.0,0.0,0.0,0.0,2.0,0.0,2.0,0.0,3,1,3,23,0.13043478260869565,0.1364
escherichia_coli,ec_maewur3c3,barmm,marawi_city,apmc,effluent_water_untreated,3,3,neg,>=32,r,4,s,,s,<=4,s,4,s,<=0.25,s,,s,<=0.5,s,<=1,s,,s,<=0.25,s,<=2,s,<=1,s,<=2,s,,,<=0.12,s,<=0.5,s,<=0.12,s,>=16,r,>=16,r,<=16,s,4,s,<=20,s,3.0,22.0,0.1364,2.0,0.0,0.0,0.0,0.0,0.0,0.0,0.0,0.0,0.0,0.0,0.0,0.0,0.0,0.0,0.0,0.0,0.0,2.0,2.0,0.0,0.0,0.0,2,0,3,23,0.13043478260869565,0.1364
escherichia_coli,ec_maewur3c4,barmm,marawi_city,apmc,effluent_water_untreated,3,4,neg,<=2,s,<=2,s,,s,<=4,s,4,s,<=0.25,s,,s,<=0.5,s,<=1,s,,s,<=0.25,s,<=2,s,<=1,s,<=2,s,,,<=0.12,s,<=0.5,s,<=0.12,s,1,s,<=1,s,<=16,s,4,s,<=20,s,0.0,22.0,0.0,0.0,0.0,0.0,0.0,0.0,0.0,0.0,0.0,0.0,0.0,0.0,0.0,0.0,0.0,0.0,0.0,0.0,0.0,0.0,0.0,0.0,0.0,0.0,0,0,0,23,0.0,0.0
escherichia_coli,ec_maewur3c6,barmm,marawi_city,apmc,effluent_water_untreated,3,6,neg,<=2,s,<=2,s,,s,<=4,s,4,s,<=0.25,s,,s,<=0.5,s,<=1,s,,s,<=0.25,s,<=2,s,<=1,s,<=2,s,,,<=0.12,s,<=0.5,s,<=0.12,s,1,s,<=1,s,<=16,s,4,s,<=20,s,0.0,22.0,0.0,0.0,0.0,0.0,0.0,0.0,0.0,0.0,0.0,0.0,0.0,0.0,0.0,0.0,0.0,0.0,0.0,0.0,0.0,0.0,0.0,0.0,0.0,0.0,0,0,0,23,0.0,0.0
klebsiella_pneumoniae_ssp_pneumoniae,ec_maewur3c15,barmm,marawi_city,apmc,effluent_water_untreated,3,15,neg,>=32,r,<=2,s,,s,<=4,s,<=2,s,<=0.25,s,,s,1,s,<=1,s,,s,<=0.25,s,<=2,s,<=1,s,<=2,s,,,<=0.12,s,<=0.5,s,<=0.12,s,1,s,<=1,s,32,s,<=2,s,<=20,s,1.0,22.0,0.0455,2.0,0.0,0.0,0.0,0.0,0.0,0.0,0.0,0.0,0.0,0.0,0.0,0.0,0.0,0.0,0.0,0.0,0.0,0.0,0.0,0.0,0.0,0.0,1,0,1,23,0.043478260869565216,0.0455
klebsiella_pneumoniae_ssp_pneumoniae,ec_maewur3c20,barmm,marawi_city,apmc,effluent_water_untreated,3,20,neg,>=32,r,<=2,s,,s,<=4,s,<=2,s,<=0.25,s,,s,1,s,<=1,s,,s,<=0.25,s,<=2,s,<=1,s,<=2,s,,,<=0.12,s,<=0.5,s,<=0.12,s,1,s,<=1,s,32,s,<=2,s,<=20,s,1.0,22.0,0.0455,2.0,0.0,0.0,0.0,0.0,0.0,0.0,0.0,0.0,0.0,0.0,0.0,0.0,0.0,0.0,0.0,0.0,0.0,0.0,0.0,0.0,0.0,0.0,1,0,1,23,0.043478260869565216,0.0455
escherichia_coli,ec_maewur3c22,barmm,marawi_city,apmc,effluent_water_untreated,3,22,neg,<=2,s,<=2,s,,s,<=4,s,4,s,<=0.25,s,,s,1,s,<=1,s,,s,<=0.25,s,<=2,s,<=1,s,<=2,s,,,<=0.12,s,<=0.5,s,<=0.12,s,1,s,<=1,s,<=16,s,4,s,<=20,s,0.0,22.0,0.0,0.0,0.0,0.0,0.0,0.0,0.0,0.0,0.0,0.0,0.0,0.0,0.0,0.0,0.0,0.0,0.0,0.0,0.0,0.0,0.0,0.0,0.0,0.0,0,0,0,23,0.0,0.0
klebsiella_pneumoniae_ssp_pneumoniae,ec_maewur3c24,barmm,marawi_city,apmc,effluent_water_untreated,3,24,neg,>=32,r,<=2,s,,s,<=4,s,<=2,s,<=0.25,s,,s,1,s,<=1,s,,s,<=0.25,s,<=2,s,<=1,s,<=2,s,,,<=0.12,s,<=0.5,s,<=0.12,s,1,s,<=1,s,32,s,<=2,s,<=20,s,1.0,22.0,0.0455,2.0,0.0,0.0,0.0,0.0,0.0,0.0,0.0,0.0,0.0,0.0,0.0,0.0,0.0,0.0,0.0,0.0,0.0,0.0,0.0,0.0,0.0,0.0,1,0,1,23,0.043478260869565216,0.0455
escherichia_coli,ec_maewur3c27,barmm,marawi_city,apmc,effluent_water_untreated,3,27,neg,<=2,s,<=2,s,,s,<=4,s,<=2,s,<=0.25,s,,s,<=0.5,s,<=1,s,,s,<=0.25,s,<=2,s,<=1,s,<=2,s,,,<=0.12,s,<=0.5,s,<=0.12,s,<=0.5,s,<=1,s,<=16,s,<=2,s,<=20,s,0.0,22.0,0.0,0.0,0.0,0.0,0.0,0.0,0.0,0.0,0.0,0.0,0.0,0.0,0.0,0.0,0.0,0.0,0.0,0.0,0.0,0.0,0.0,0.0,0.0,0.0,0,0,0,23,0.0,0.0
escherichia_coli,ec_maewur3c28,barmm,marawi_city,apmc,effluent_water_untreated,3,28,neg,<=2,s,<=2,s,,s,8,s,4,s,<=0.25,s,,s,1,s,<=1,s,,s,<=0.25,s,<=2,s,<=1,s,<=2,s,,,<=0.12,s,<=0.5,s,<=0.12,s,1,s,<=1,s,<=16,s,4,s,<=20,s,0.0,22.0,0.0,0.0,0.0,0.0,0.0,0.0,0.0,0.0,0.0,0.0,0.0,0.0,0.0,0.0,0.0,0.0,0.0,0.0,0.0,0.0,0.0,0.0,0.0,0.0,0,0,0,23,0.0,0.0
escherichia_coli,ec_maewur3c29,barmm,marawi_city,apmc,effluent_water_untreated,3,29,neg,4,s,<=2,s,,s,8,s,4,s,<=0.25,s,,s,1,s,<=1,s,,s,<=0.25,s,<=2,s,<=1,s,<=2,s,,,<=0.12,s,<=0.5,s,<=0.12,s,1,s,<=1,s,<=16,s,16,i,<=20,s,0.0,22.0,0.0,0.0,0.0,0.0,0.0,0.0,0.0,0.0,0.0,0.0,0.0,0.0,0.0,0.0,0.0,0.0,0.0,0.0,0.0,0.0,0.0,0.0,1.0,0.0,0,0,0,23,0.0,0.0
escherichia_coli,ec_maewur3c31,barmm,marawi_city,apmc,effluent_water_untreated,3,31,neg,<=2,s,<=2,s,,s,<=4,s,4,s,<=0.25,s,,s,<=0.5,s,<=1,s,,s,<=0.25,s,<=2,s,<=1,s,<=2,s,,,<=0.12,s,<=0.5,s,<=0.12,s,1,s,<=1,s,<=16,s,4,s,<=20,s,0.0,22.0,0.0,0.0,0.0,0.0,0.0,0.0,0.0,0.0,0.0,0.0,0.0,0.0,0.0,0.0,0.0,0.0,0.0,0.0,0.0,0.0,0.0,0.0,0.0,0.0,0,0,0,23,0.0,0.0
escherichia_coli,ec_maewur3c32,barmm,marawi_city,apmc,effluent_water_untreated,3,32,neg,<=2,s,<=2,s,,s,<=4,s,4,s,<=0.25,s,,s,<=0.5,s,<=1,s,,s,<=0.25,s,<=2,s,<=1,s,<=2,s,,,<=0.12,s,<=0.5,s,<=0.12,s,1,s,<=1,s,<=16,s,4,s,<=20,s,0.0,22.0,0.0,0.0,0.0,0.0,0.0,0.0,0.0,0.0,0.0,0.0,0.0,0.0,0.0,0.0,0.0,0.0,0.0,0.0,0.0,0.0,0.0,0.0,0.0,0.0,0,0,0,23,0.0,0.0
escherichia_coli,ec_maewur3c33,barmm,marawi_city,apmc,effluent_water_untreated,3,33,neg,<=2,s,<=2,s,,s,<=4,s,4,s,<=0.25,s,,s,<=0.5,s,<=1,s,,s,<=0.25,s,<=2,s,<=1,s,<=2,s,,,<=0.12,s,<=0.5,s,<=0.12,s,8,i,>=16,r,<=16,s,<=2,s,<=20,s,1.0,22.0,0.0455,0.0,0.0,0.0,0.0,0.0,0.0,0.0,0.0,0.0,0.0,0.0,0.0,0.0,0.0,0.0,0.0,0.0,0.0,1.0,2.0,0.0,0.0,0.0,1,0,1,23,0.043478260869565216,0.0455
escherichia_coli,ec_maewtr2c5,barmm,marawi_city,apmc,effluent_water_treated,2,5,neg,<=2,s,<=2,s,,s,<=4,s,4,s,<=0.25,s,,s,<=0.5,s,<=1,s,,s,<=0.25,s,<=2,s,<=1,s,<=2,s,,,<=0.12,s,<=0.5,s,<=0.12,s,1,s,<=1,s,<=16,s,4,s,<=20,s,0.0,22.0,0.0,0.0,0.0,0.0,0.0,0.0,0.0,0.0,0.0,0.0,0.0,0.0,0.0,0.0,0.0,0.0,0.0,0.0,0.0,0.0,0.0,0.0,0.0,0.0,0,0,0,23,0.0,0.0
escherichia_coli,ec_maewtr2c6,barmm,marawi_city,apmc,effluent_water_treated,2,6,neg,<=2,s,<=2,s,,s,<=4,s,4,s,<=0.25,s,,s,<=0.5,s,<=1,s,,s,<=0.25,s,<=2,s,<=1,s,<=2,s,,,<=0.12,s,<=0.5,s,<=0.12,s,1,s,<=1,s,<=16,s,4,s,<=20,s,0.0,22.0,0.0,0.0,0.0,0.0,0.0,0.0,0.0,0.0,0.0,0.0,0.0,0.0,0.0,0.0,0.0,0.0,0.0,0.0,0.0,0.0,0.0,0.0,0.0,0.0,0,0,0,23,0.0,0.0
escherichia_coli,ec_maewtr3c9,barmm,marawi_city,apmc,effluent_water_treated,3,9,neg,<=2,s,<=2,s,,s,<=4,s,4,s,<=0.25,s,,s,<=0.5,s,<=1,s,,s,<=0.25,s,<=2,s,<=1,s,<=2,s,,,<=0.12,s,<=0.5,s,<=0.12,s,8,i,>=16,r,<=16,s,4,s,<=20,s,3.0,22.0,0.1364,0.0,0.0,0.0,0.0,0.0,0.0,0.0,0.0,0.0,0.0,0.0,0.0,0.0,0.0,0.0,0.0,0.0,0.0,1.0,2.0,0.0,0.0,0.0,1,0,1,23,0.043478260869565216,0.1364
escherichia_coli,ec_maewtr3c10,barmm,marawi_city,apmc,effluent_water_treated,3,10,neg,<=2,s,<=2,s,,s,<=4,s,4,s,<=0.25,s,,s,<=0.5,s,<=1,s,,s,<=0.25,s,<=2,s,<=1,s,<=2,s,,,<=0.12,s,<=0.5,s,<=0.12,s,8,i,>=16,r,<=16,s,4,s,<=20,s,3.0,22.0,0.1364,0.0,0.0,0.0,0.0,0.0,0.0,0.0,0.0,0.0,0.0,0.0,0.0,0.0,0.0,0.0,0.0,0.0,0.0,1.0,2.0,0.0,0.0,0.0,1,0,1,23,0.043478260869565216,0.1364
escherichia_coli,ec_maewtr3c11,barmm,marawi_city,apmc,effluent_water_treated,3,11,neg,<=2,s,<=2,s,,s,<=4,s,4,s,<=0.25,s,,s,<=0.5,s,<=1,s,,s,<=0.25,s,<=2,s,<=1,s,<=2,s,,,<=0.12,s,<=0.5,s,<=0.12,s,4,s,>=16,r,<=16,s,4,s,<=20,s,3.0,22.0,0.1364,0.0,0.0,0.0,0.0,0.0,0.0,0.0,0.0,0.0,0.0,0.0,0.0,0.0,0.0,0.0,0.0,0.0,0.0,0.0,2.0,0.0,0.0,0.0,1,0,1,23,0.043478260869565216,0.1364
